STN Code,Name of Monitoring Location,Type Water Body,State Name,Min Temperature,Max Temperature,Min Dissolved Oxygen,Max Dissolved Oxygen,Min pH,Max pH,Min Conductivity,Max Conductivity,Min BOD,Max BOD,Min Nitrate N + Nitrite N,Max Nitrate N + Nitrite N,Min Fecal Coliform,Max Fecal Coliform,Min Total Coliform,Max Total Coliform
5159.0,"GARGEYAPURAM LAKE 
GARGEYAPURAM (V), 
KURNOOL (M)",LAKE,"ANDHRA 
PRADESH",22,27,3.9,6.5,7.1,7.9,374,1370,1.5,3.7,0.33,5.90,214,525,816,1733
4368.0,"KOLLERU LAKE, 
KOKKIRAYALANKA (V), 
KAILALUR (M)",LAKE,"ANDHRA 
PRADESH",18,29,3.2,8.7,7.2,8.6,215,1800,1.6,6.1,0.69,2.79,7,21,210,460
2353.0,"KONDAKARLA-AAVA 
LAKE, KONDAKARLA, 
VISHAKHAPATNAM",LAKE,"ANDHRA 
PRADESH",26,29,3.4,6.4,7.1,8.5,402,888,2.4,4.8,1.12,2.42,7,39,150,240
5147.0,"PALASAMUDRAM LAKE, 
PALASAMUDRAM (V), 
PENUKONDA (M)",LAKE,"ANDHRA 
PRADESH",23,27,5.1,6.1,6.6,7.8,322,535,1.5,2.2,0.32,1.26,89,388,491,1046
1790.0,"PULICATE LAKE, SRIHARI 
KOTA, SULLURUPETA (M)",LAKE,"ANDHRA 
PRADESH",18,22,5.7,6.8,7.4,8.1,31100,42200,2.6,2.9,1.11,1.78,3,62,75,689
5156.0,"BRAHMAIAHLINGAM 
CHERUVU AT 
NARASINGAPALEM (V), 
AGIRIPALLI?(M)",TANK,"ANDHRA 
PRADESH",24,24,6.6,7.7,7.2,8.0,699,990,2.4,2.9,1.40,2.04,3,343,75,1380
4391.0,"CHENGAMBAKAM TANK 
IN SRI CITY SEZ, 
IRUGULAM (V)",TANK,"ANDHRA 
PRADESH",22,29,5.2,6.3,7.0,7.9,196,502,1.0,2.0,0.32,3.12,104,258,258,980
5150.0,"NELLORE SWARNALA 
CHERUVU (NELLORE 
TANK),NEAR 
BARASHAHID DARGHA, 
NELLORE TOWN",TANK,"ANDHRA 
PRADESH",17,21,6.2,7.5,7.5,8.3,982,1286,2.5,2.9,0.45,4.46,3,176,120,680
4921.0,"ANNAMAYYA PROJECT 
ON CHEYYERU 
RESERVOIR, RAJAMPET",WETLAND,"ANDHRA 
PRADESH",19,29,5.1,6.6,7.5,8.0,510,720,1.2,2.3,0.32,0.79,97,368,403,914
4936.0,"ANUMULA PALLY 
CHERUVU, ANUMULA 
PALLY (V),RACHERLA (M)",WETLAND,"ANDHRA 
PRADESH",22,26,6.4,7.6,7.3,8.4,247,480,1.8,2.6,0.92,2.05,3,29,64,240
4919.0,"BRAHMAMSAGAR, 
KANDIMALLAYAPALLI (V)",WETLAND,"ANDHRA 
PRADESH",21,27,5.4,6.5,7.0,8.0,406,603,1.0,2.2,0.32,1.12,102,243,436,816
,", BRAHMAMGARI 
MATTAM (M)",,,,,,,,,,,,,,,,,,
4926.0,"DALI TANK,VEMULADA 
(V), TEKKALI (M)",WETLAND,"ANDHRA 
PRADESH",24,32,2.9,7.5,7.4,8.2,279,804,1.7,10.2,0.51,2.42,4,20,75,460
4931.0,"GACHAKAYALA PORA 
(LAKE), GACHAKAYALA 
PORA (V), KATRENIKONA 
(M)",WETLAND,"ANDHRA 
PRADESH",26,36,6.4,8.0,7.1,8.7,2182,56100,1.6,2.6,0.55,8.05,3,15,93,240
4917.0,"GANGINENI CHERUVU, 
CHITTOOR TOWN",WETLAND,"ANDHRA 
PRADESH",15,30,4.0,6.1,6.8,7.7,893,1203,1.3,3.5,0.32,3.59,244,689,866,1986
4934.0,"INTERU SWAMPS, INTERU 
(V),  
BANTUMILLI (M)",WETLAND,"ANDHRA 
PRADESH",25,26,6.1,6.6,7.5,8.1,14950,31200,2.7,2.9,0.95,1.69,3,22,75,423
4918.0,"KATTAMANCHI 
CHERUVU, NEAR NEW 
RTC BUS STAND, 
CHITTOOR TOWN",WETLAND,"ANDHRA 
PRADESH",16,28,4.1,6.2,6.8,7.6,701,1172,1.2,3.7,0.46,3.76,226,479,686,1733
4933.0,"KRISHNA MANGROVES, 
KARA AGRAHARAM (V), 
MACHILIPATNAM (M)",WETLAND,"ANDHRA 
PRADESH",25,26,5.8,6.7,7.2,7.9,23000,39200,2.6,2.9,0.74,1.76,3,16,47,260
4929.0,"LAGOON, NEAR 
UPPALANKA 
MUDFLATS,MAHALAKSH
MI NAGAR, KAKINADA",WETLAND,"ANDHRA 
PRADESH",24,26,5.0,7.5,6.8,8.1,1859,47070,2.2,3.0,1.04,3.61,3,9,21,210
4916.0,"MID PENNAR RESERVOIR, 
PENAKACHERLA (V), 
GARLADINNE (M)",WETLAND,"ANDHRA 
PRADESH",22,27,5.3,6.4,7.2,8.2,364,490,1.0,2.3,0.32,0.74,118,293,365,722
4925.0,"NAUPADA SWAMPS, 
MEGHAVARAM (V), 
SANTHABOMMALI (M)",WETLAND,"ANDHRA 
PRADESH",24,31,3.2,7.3,7.0,8.4,415,51700,1.1,3.2,0.53,2.33,4,15,48,240
4930.0,"P.E CHINNAYAPALEM 
CHERUVU, P.E 
CHINNAYAPALEM 
(V),TONDANGI (M)",WETLAND,"ANDHRA 
PRADESH",25,27,5.0,8.2,7.4,8.4,593,1446,1.8,3.6,0.57,3.89,3,11,11,210
4915.0,"PATHAKOTHA CHERUVU, 
PATHAKOTHA (V), 
GUNTAKAL (M)",WETLAND,"ANDHRA 
PRADESH",21,27,4.2,6.2,7.3,8.0,746,2453,1.2,3.7,0.32,1.88,228,914,579,2420
4924.0,"PATHATEKKALI CHERUVU 
(PEDDA CHERUVU), 
PATHATEKKALI (V), 
VAJRAPUKOTTURU (M)",WETLAND,"ANDHRA 
PRADESH",24,32,4.3,8.0,7.3,8.4,212,8710,1.0,6.2,0.55,1.88,9,21,120,240
4928.0,"PEDDA 
CHERUVU,VIZIANAGARA
M TOWN",WETLAND,"ANDHRA 
PRADESH",23,27,0.3,6.5,6.8,8.4,658,2630,5.4,54.0,0.32,4.95,3,43,64,2400
4923.0,"SANGAMESWARA BACK 
WATERS, LIFT 
IRRIGATION SCHEME, 
MUCHUMARRI (V), 
PAGIDYALA(M)",WETLAND,"ANDHRA 
PRADESH",21,26,4.8,6.3,7.0,8.1,389,1370,1.2,2.7,0.43,1.94,142,403,594,1046
4920.0,"SOMASILA BACK WATER, 
OLD RAMAPURAM (V), 
VONTIMITTA (M)",WETLAND,"ANDHRA 
PRADESH",21,30,5.1,6.7,7.3,8.0,464,820,1.0,2.8,0.32,1.69,38,330,403,980
4927.0,"TATIPUDI RESERVOIR, 
TATIPUDI (V), GANTYADA 
(M)",WETLAND,"ANDHRA 
PRADESH",25,29,5.7,8.0,7.1,8.5,218,444,1.2,2.8,0.38,1.75,3,21,39,2400
4935.0,"UPPALAPADU 
TANK,UPPALAPADU (V), 
PEDAKAKANI (M)",WETLAND,"ANDHRA 
PRADESH",23,27,6.1,6.8,7.2,7.8,877,1188,4.0,6.2,2.96,5.88,4,609,380,2938
4932.0,"YERRAKALUVA 
RESERVOIR, 
KONGUVARIGUDEM (V), 
JANGAREDDYGUDEM (M)",WETLAND,"ANDHRA 
PRADESH",16,32,5.6,8.6,7.5,8.5,146,401,1.4,4.2,0.32,2.12,3,15,64,240
2207.0,"BOR BEEL AT JAKAI, 
ASSAM",LAKE,ASSAM,22,24,4.0,7.0,6.8,7.4,140,248,2.1,2.8,0.80,2.00,300,940,720,1600
3789.0,"BORDOIBAM BEELMUKH 
BIRD SANCTUARY, 
DHEMAJI",LAKE,ASSAM,22,23,4.5,9.4,6.9,7.6,196,298,2.0,2.9,0.90,1.20,300,730,730,1500
3820.0,"BORSOLA BEEL, 
SARABBHATTI, 
GUWAHATI",LAKE,ASSAM,20,33,0.3,2.4,6.8,7.7,430,585,22.6,29.4,2.40,5.80,2100,3900,3900,6400
2220.0,"CHAND DUBI BEEL, 
CHAND DUBI, ASSAM",LAKE,ASSAM,20,27,4.6,9.0,6.8,7.6,92,153,2.4,2.8,0.80,2.10,360,910,730,2100
2206.0,"DALONI BEEL NEAR 
JOGIGHOPA, ASSAM",LAKE,ASSAM,23,37,4.8,5.2,7.0,7.6,90,156,2.1,2.8,0.90,1.60,300,610,910,1400
2218.0,"DEEPOR BEEL AT 
BORAGAON NEAR IASST, 
GUWAHATI, ASSAM",LAKE,ASSAM,18,32,5.0,7.3,6.8,8.1,224,478,5.0,5.9,2.50,4.00,360,920,910,1600
1529.0,"DEEPOR BEEL NEAR 
DHARAPUR CHARIALI, 
GUWAHATI, ASSAM",LAKE,ASSAM,18,32,5.3,7.9,6.8,8.0,223,477,5.1,5.8,2.60,3.80,300,940,910,2000
3821.0,"DIPLAI BEEL AT SILGARA, 
KOKRAJHAR",LAKE,ASSAM,21,37,4.6,5.5,6.7,7.6,103,138,1.8,2.5,0.80,2.10,300,620,720,1300
1263.0,"ELANGABEEL SYSTEM 
(CONNECTED TO R. 
KOLONG), ASSAM",LAKE,ASSAM,20,30,4.0,4.8,6.6,7.7,243,302,2.2,2.8,0.70,2.20,360,1100,720,2100
3787.0,"HOLUDUNGA BEEL NEAR 
GAI NADI/ RIVER AT 
SOMARAJAN, DHEMA JI",LAKE,ASSAM,22,24,4.2,9.2,6.7,7.8,126,223,2.0,2.8,0.90,2.20,300,720,910,1400
4337.0,"KAMALABARI LAKE 
INSIDE KAMALABARI 
CHILDREN,S PARK, 
GELEKY",LAKE,ASSAM,18,33,4.0,6.8,6.6,7.5,49,88,2.3,2.7,0.70,1.10,300,730,360,1500
3812.0,"KAMALPUR BEEL, 
KAMALPUR",LAKE,ASSAM,21,28,0.3,3.0,7.1,7.8,953,1076,24.4,29.6,2.30,3.60,300,1500,1400,3500
3783.0,"MAGURI BEEL, GUIJAN, 
TINSUKIA",LAKE,ASSAM,22,23,4.0,9.7,6.8,7.6,154,182,2.1,2.7,0.70,2.00,300,720,720,1300
3800.0,"MALINI BEEL NEAR 
INDUTRIAL AREA AT 
RAMNAGAR",LAKE,ASSAM,21,25,4.0,4.2,6.5,7.7,138,164,2.2,2.9,0.70,1.60,300,730,730,1500
2205.0,"MER BEEL AT 
MADHABPUR, ASSAM",LAKE,ASSAM,22,23,4.0,7.2,6.5,7.8,140,180,2.1,2.6,0.50,1.20,300,720,720,1400
3808.0,"PARASHALI BEEL AT 
DEMORIA",LAKE,ASSAM,22,38,4.1,9.7,6.8,7.6,126,186,2.2,2.7,0.80,2.00,300,730,610,1500
3798.0,"SAMAGURI BEEL IN 
NAGAON DISTRICT",LAKE,ASSAM,19,30,4.0,8.0,6.5,7.6,87,131,2.3,2.6,0.80,4.00,360,720,910,1400
2215.0,"SARAN BEEL, ASSAM",LAKE,ASSAM,21,32,4.0,9.5,6.8,7.6,78,122,2.1,2.8,0.80,1.80,300,720,720,1500
3814.0,"SILSAKO BEEL, CHACHAL, 
GUWAHATI",LAKE,ASSAM,20,35,0.3,5.0,7.0,7.8,462,594,12.6,19.7,1.20,2.00,1500,2800,2800,4400
3804.0,"SON BEEL WATER AT 
KARIMGANJ",LAKE,ASSAM,20,25,4.1,5.2,6.8,7.2,104,156,2.3,2.9,0.70,1.10,300,910,900,2000
3819.0,"SORU SOLA BEEL, PALTAN 
BAZAR, GUWAHATI",LAKE,ASSAM,20,35,0.3,2.7,6.9,7.8,430,602,20.8,29.6,2.80,5.70,2800,3900,4400,5300
2225.0,"BASKANDI POND INSIDE 
THE BASKANDI 
MADRASA, BASKANDI, 
ASSAM",POND,ASSAM,19,25,4.0,4.6,7.0,7.3,101,108,2.3,2.9,0.70,1.10,360,730,1100,1500
2214.0,"BATODRAWA SATRA 
POND, NAGAON, ASSAM",POND,ASSAM,21,34,4.0,10.5,6.6,7.5,67,128,2.1,2.6,0.90,2.00,300,730,910,1500
2219.0,"BISHNU PUSKAR 
PUKHURI OF HAYAGRIB 
MADHAB TEMPLE, HAJO, 
ASSAM",POND,ASSAM,20,27,6.5,10.2,7.1,8.1,218,309,2.2,2.6,0.80,2.00,300,1100,910,2000
3772.0,BORPUKHURI AT SONARI,POND,ASSAM,18,33,5.6,7.1,6.8,7.5,81,118,2.1,2.6,0.80,1.30,300,910,360,1500
2208.0,"BORPUKHURI, NAZIRA, 
ASSAM",POND,ASSAM,20,34,4.7,7.8,6.8,7.4,52,96,2.1,2.8,0.80,1.20,300,720,720,1400
2216.0,"DIGHALI PUKHURI, 
GUWAHATI, ASSAM",POND,ASSAM,19,32,5.7,10.2,7.0,8.1,156,250,2.3,2.8,0.90,4.00,610,940,1100,1900
2221.0,"GANGA PUKHURI, 
NALBARI (GORDON 
SCHOOL), ASSAM",POND,ASSAM,20,27,5.5,10.0,7.1,7.8,84,134,2.2,2.7,0.90,2.00,300,730,910,1400
2209.0,"GAURISAGAR TANK, 
GAURISAGAR, ASSAM",POND,ASSAM,17,33,4.2,7.2,6.7,7.5,59,114,2.0,2.6,0.80,1.20,300,910,720,1500
2212.0,"GOPHUR TANK, GOPHUR, 
ASSAM",POND,ASSAM,22,30,7.0,7.3,7.0,7.9,87,198,2.3,2.8,0.70,1.30,300,910,730,1500
2227.0,"HARDOI PUKHURI, 
CHARAIDEW, ASSAM",POND,ASSAM,17,33,5.4,7.2,6.6,7.7,48,86,2.1,2.5,0.80,1.30,360,720,360,910
2213.0,"JAIPAL PUKHURI, 
SIPAJHAR, ASSAM",POND,ASSAM,22,32,6.8,7.3,6.8,8.2,105,355,2.3,2.7,0.80,1.10,300,940,910,1500
1532.0,"JAYSAGAR TANK, 
SIVASAGAR, ASSAM",POND,ASSAM,17,32,4.8,8.2,6.8,7.9,58,104,1.9,2.6,0.60,1.30,300,730,360,1100
3809.0,"JORPUKHURI AT 
UZANBAZAR (UGRATALA 
TEMPLE)",POND,ASSAM,18,34,4.2,9.3,7.2,7.7,348,428,2.4,2.8,0.80,1.60,360,940,1400,1600
2223.0,"MAHAMAYA MANDIR 
PUKHURI, ASSAM",POND,ASSAM,22,38,4.5,5.2,6.9,7.6,80,104,2.2,2.7,0.70,2.30,300,730,910,1500
4006.0,"NETAI PUKHURI AT NETAI 
PUKHURI",POND,ASSAM,19,34,4.7,7.4,6.8,7.3,59,96,2.1,6.8,0.70,1.10,300,600,360,910
2211.0,"PADUMPUKHURI, 
TEZPUR, ASSAM",POND,ASSAM,22,30,6.8,7.4,6.8,8.0,230,353,2.3,2.8,0.80,1.30,300,620,720,1400
3806.0,"POND WATER FROM 
RAMKRISHNA MISSION 
AT HAILAKANDI",POND,ASSAM,22,25,4.0,5.2,6.9,7.4,130,162,2.3,2.9,0.80,1.30,300,730,610,1600
2222.0,"RAJADINIA PUKHURI AT 
ABHAYAPURI, ASSAM",POND,ASSAM,24,37,4.5,5.4,6.9,7.8,84,136,2.5,2.7,0.80,1.70,300,730,1100,2000
2224.0,"RAJAPUKHURI AT 
GAURIPUR, ASSAM",POND,ASSAM,22,39,4.6,4.9,6.9,7.7,94,133,2.1,2.6,0.70,2.20,300,720,730,1400
2210.0,"RAJMAW PUKHURI, 
JORHAT, ASSAM",POND,ASSAM,20,34,4.9,6.7,7.0,8.0,90,116,2.1,2.5,0.80,1.40,300,910,620,2000
2226.0,"SIVASAGAR TANK 
(BORPUKHURI) NEAR 
SIVADOL, ASSAM",POND,ASSAM,18,34,4.9,7.2,6.7,7.7,50,92,1.0,2.5,0.80,8.00,300,910,620,1500
2217.0,"SUBHAGYA KUNDA POND 
KAMAKHYA TEMPLE, 
GUWAHATI, ASSAM",POND,ASSAM,17,30,4.3,9.3,6.8,7.8,230,571,2.4,2.8,1.00,1.50,300,730,1100,1500
3775.0,"TENGA PUKHURI AT 
TENGAPUKHURI",POND,ASSAM,17,33,5.4,6.9,6.5,7.7,66,110,2.3,2.8,0.70,1.40,300,910,730,1500
4334.0,"THOWRADOLE PUKHURI, 
THOWRADOLE G.P. 
DEMOW BLOCK",POND,ASSAM,19,35,4.3,7.9,6.8,7.7,50,112,2.3,2.6,0.90,1.20,360,720,360,2000
5137.0,"HASILA BEEL, GOALPARA 
(HASILA BEEL), DIST. 
GOPALPARA, ASSAM",WETLAND,ASSAM,21,38,4.7,5.1,7.0,7.6,158,195,2.1,2.6,0.80,2.00,300,720,610,1200
5136.0,"TAMRANGA BEEL, 
GHILAGURI NEAR 
IKRABARI, DIST. 
BONGAIGAON",WETLAND,ASSAM,22,38,4.9,5.3,7.0,7.8,156,202,2.0,2.6,1.00,1.60,300,730,730,1500
2557.0,"KAWAR LAKE NEAR 
JAYMANGLA GARH 
TEMPLE AT BEGUSARAI",LAKE,BIHAR,15,28,2.8,8.9,7.1,8.1,221,392,1.6,6.0,0.30,0.43,1400,130000,2600,350000
2571.0,"MOTI JHEEL AT 
MOTIHARII NEAR 
GAYATRI MANDIR, 
MOTIHARI, EAST 
CHAMPARAN",LAKE,BIHAR,15,30,3.6,20.0,7.2,8.5,472,1100,1.5,30.0,0.30,0.44,270,170000,1100,350000
4296.0,"SIKANDRAPUR LAKE AT 
SIKANDARPUR, 
MUZAFFARPUR",LAKE,BIHAR,17,31,3.4,14.1,7.3,8.5,364,962,1.8,12.0,0.30,0.68,230,160000,330,160000
2573.0,"DIGHI TALAB NEAR 
KACHHARI ROAD, GAYA",POND,BIHAR,19,32,5.2,15.2,7.1,8.7,699,995,2.0,14.0,0.30,0.43,2300,92000,3300,160000
2574.0,"SURAJ KUND NEAR 
VISHNUPAD MANDIR 
,GAYA",POND,BIHAR,15,32,6.3,17.5,7.3,8.4,400,831,2.6,11.0,0.30,0.35,1300,240000,3500,540000
2046.0,"SUKHNA LAKE, 
CHANDIGARH",LAKE,"CHANDIGAR
H",16,34,7.8,10.9,7.0,8.8,202,283,1.8,3.8,0.40,2.40,27,9200,170,16000
3164.0,"NEHRU NAGAR TALAB, 
BHILAI, CHHATISGARH.",POND,"CHHATTISGA
RH",26,29,6.2,7.7,7.2,8.8,2432,2432,1.8,47.0,0.36,1.00,20,170,140,140
3031.0,"BHALSWA LAKE, DELHI",LAKE,DELHI,,,0.3,3.5,7.8,8.9,,,10.0,93.4,0.30,0.91,21000,940000,-,-
3476.0,"LAKE NEAR IIT FLYOVER, 
DELHI",LAKE,DELHI,,,0.3,10.0,8.1,9.3,,,3.3,113.3,0.30,0.70,4300,840000,-,-
3030.0,"SANJAY LAKE, DELHI",LAKE,DELHI,,,0.3,4.2,7.6,9.5,,,26.0,90.0,0.41,0.58,32000,700000,-,-
5280.0,"AMBULOR LAKE, VERNA, 
SALCETE - GOA",LAKE,GOA,27,32,3.0,7.9,5.5,6.9,42,166,1.0,2.5,0.32,0.32,240,2200,350,3500
3175.0,ANJUNEM LAKE,LAKE,GOA,25,31,4.2,8.0,6.1,7.5,28,59,1.0,1.7,0.32,0.62,8,350,17,540
5103.0,"BATIM LAKE, GOA VELHA, 
TISWADI - GOA",LAKE,GOA,28,31,4.0,7.2,5.8,7.8,72,226,1.0,5.0,0.32,0.34,490,2400,790,3500
3177.0,CARAMBOLIM LAKE,LAKE,GOA,27,30,5.1,10.0,6.1,8.9,16,1981,1.0,2.1,0.32,2.22,1300,2700,1700,3400
3180.0,CURTORIM LAKE,LAKE,GOA,28,31,1.0,7.3,5.9,7.3,43,49,1.1,28.0,0.32,0.35,490,3400,940,4700
4408.0,HARWALE WATER FALL,LAKE,GOA,26,31,6.8,8.7,6.1,7.7,44,164,1.0,2.0,0.32,0.32,490,2400,700,4900
2269.0,"MAYEM LAKE, BICHOLIM",LAKE,GOA,27,30,6.0,8.6,5.3,7.3,29,67,1.0,1.9,0.32,0.32,1300,2300,1700,3300
3178.0,RAITOLLEM LAKE,LAKE,GOA,28,31,3.4,7.5,5.9,7.7,82,271,1.2,16.0,0.32,0.32,230,2400,330,5400
3179.0,SAIPEM LAKE,LAKE,GOA,27,28,1.2,5.1,6.3,7.4,166,477,1.7,6.7,0.32,2.96,2300,4900,3300,7000
5104.0,"SARZORA LAKE, 
CHINCHINM, SALCETE - 
GOA",LAKE,GOA,27,30,6.4,8.4,6.0,7.7,40,99,1.0,1.5,0.32,0.32,330,940,490,1500
1345.0,"AJWAH LAKE AT SRI 
SAYAJI SABVAR, BARODA,",LAKE,GUJARAT,25,31,6.1,7.6,7.8,8.5,320,576,1.0,1.0,0.32,3.27,2,4,11,21
1973.0,"BINDUSAROVAR, 
SIDDHPUR 
(DIST.PATAN)BINDU 
SAROVAR, AHMEDABAD- 
PALANUR HIGHWAY, 
SIDDHPUR, DIST-PATAN",LAKE,GUJARAT,24,29,3.2,6.7,7.4,8.0,2140,2680,1.0,13.0,0.30,0.81,14,350,94,540
1344.0,"CHANDOLA LAKE AT 
AHMEDABAD,",LAKE,GUJARAT,26,31,4.1,5.7,7.5,8.3,467,713,1.2,12.0,0.39,0.77,170,920,540,1600
1977.0,"CITY LAKE OF 
NADIADKHETA TALAV 
(CITY LAKE) ,NADIAD, 
DIST:KHEDA",LAKE,GUJARAT,25,35,4.5,6.3,8.4,8.8,1108,2862,1.6,3.5,0.42,1.69,18,920,110,1600
3198.0,"GOMTI LAKE, OPP, 
RANCHODAJI TEMPLE, 
DAKOR, KHEDAGOMTI 
LAKE, OPP: RANCHODAJI 
TEMPLE, DAKOR, KHEDA",LAKE,GUJARAT,25,33,4.0,6.3,7.7,8.5,476,831,1.0,3.9,0.32,0.66,11,350,110,540
3199.0,"HAMISAR TALAV, 
BHUJPATVADI 
NAKU,NEAR ASHAPURA 
TEMPLE,TA:BHUJ,DIST:KU
TCH(WEST)",LAKE,GUJARAT,25,29,5.1,6.2,7.4,8.2,390,970,2.0,3.1,0.32,0.43,4,7,11,26
1343.0,"KANKORIA LAKE AT 
AHMEDABAD, NR. 
BALVATIKA,",LAKE,GUJARAT,22,32,2.9,8.5,8.3,8.8,2644,3950,2.2,25.0,0.32,1.00,540,920,920,1600
2078.0,"KUWADAVA LAKE, NR. 
KUVADVA GIDC, NH-8-B, 
VILL. KUWADAVA, DIST. 
RAJKOT.KUVADVA LAKE, 
VILLAGE KUVADVA, DIST. 
RAJKOT",LAKE,GUJARAT,26,29,6.5,7.3,7.1,8.2,340,2260,1.8,2.3,0.04,0.47,70,350,170,920
1975.0,"LAKHOTA TALAV, 
JAMNAGARLAKHOTA 
LAKE, NEAR 
PANCHESHWAR TOWER, 
JAMNAGAR",LAKE,GUJARAT,24,29,4.0,5.8,7.1,7.7,526,814,1.0,1.7,0.32,0.36,4,7,21,26
3201.0,"MALAV TALAV, DHOLKA 
DHOLKA",LAKE,GUJARAT,23,36,0.3,6.8,8.7,9.1,3408,6004,3.7,34.0,0.32,0.78,49,920,170,1600
3200.0,"MOONSAR LAKE OF 
VIRAMGAMVIRAMGAM",LAKE,GUJARAT,20,30,0.3,6.7,7.9,9.1,1592,14400,16.0,70.0,0.33,1.02,2,920,220,1600
2077.0,"MOTICHER LAKE NEAR 
KAKARPAR ATOMIC 
POWER STATION, DIST. 
SURAT.NEAR BRIDGE, 
MOTICHER,SURAT",LAKE,GUJARAT,25,31,7.0,7.9,6.8,8.5,350,506,1.0,1.1,0.30,0.30,2,2,4,14
1972.0,"NALSAROVAR LAKE 
(SANAND), 
DIST.AHMEDABADNALSA
ROVAR LAKE (SANAND), 
DIST.AHMEDABAD",LAKE,GUJARAT,20,29,1.2,8.0,7.7,8.6,1322,20062,2.2,27.0,0.32,0.85,12,170,70,920
1976.0,"NARSIMEHTA TALAV- 
JUNAGADHNARSINH 
MEHTA TALAV, AT: 
JUNAGADH, 
TAL:JUNAGADH, DIST: 
JUNAGADH.",LAKE,GUJARAT,23,30,6.5,7.3,7.1,8.4,312,1130,2.0,2.4,0.32,0.37,5,33,20,79
1346.0,"SURSAGAR LAKE AT 
BARODA,",LAKE,GUJARAT,25,32,5.3,6.8,8.1,9.0,601,1053,1.2,3.3,0.36,4.34,63,240,170,350
1971.0,"THOL LAKE (KALOL) (DIST. 
MEHASANA)THOL POND, 
VILL: THOL, TAL -KADI, 
DIST : MEHSANA",LAKE,GUJARAT,23,35,1.6,7.4,7.7,8.5,1200,3046,4.1,28.0,0.30,0.94,12,920,47,1600
3202.0,"VHERAIMATA TALAV AT 
ANANDVHERAI MATA 
TALAV, OPP. VHERAI 
MATA MANDIR, ANAND 
TA. & DIST. ANAND",LAKE,GUJARAT,27,29,5.2,5.8,7.8,8.5,307,813,1.0,2.6,0.47,1.23,63,94,110,240
2079.0,"DHUDHIA TALAV AT 
NAVSARI, DIST. 
NAVSARI.AT- 
KAGADIWAD, NAVSARI 
CITY, TA & DI. NAVSARI, 
GUJARAT.",POND,GUJARAT,28,30,6.6,8.2,7.8,8.5,345,540,1.0,2.0,0.32,0.36,2,12,12,46
1979.0,"OLPAD, VILLAGE 
POND:OLPAD, 
SURATNEAR ROAD, NEAR 
TEMPLE, OLPAD,SURAT",POND,GUJARAT,25,31,6.8,8.3,7.5,8.4,522,1623,1.0,2.2,0.30,0.40,2,17,21,40
1349.0,"BRAHMSAROVAR LAKE 
AT KURUKSHETRA",LAKE,HARYANA,,,7.8,7.9,7.2,8.0,269,324,2.2,4.5,0.30,0.30,100,200,800,900
1392.0,"KAUSSHALAYA LAKE, 
PINJORE, PANCHKULA",LAKE,HARYANA,,,6.4,7.6,7.6,8.0,299,392,1.0,4.6,0.30,0.30,400,400,100,2100
3033.0,SOHNA LAKE,LAKE,HARYANA,18,25,6.4,7.0,7.0,7.3,1050,1270,4.0,10.0,0.60,2.20,2400,7600,14000,31000
3032.0,"SULTANPUR LAKE, 
GURUGRAM",LAKE,HARYANA,5,35,6.5,7.5,7.0,7.4,810,1120,4.0,9.0,1.80,1.80,750,4200,4200,9200
4857.0,"SANHIT SAROVAR, 
KURUSHETRA",POND,HARYANA,,,6.5,8.5,7.3,7.9,394,825,2.2,3.2,0.30,0.30,200,200,700,700
1291.0,"GOBINDSAGAR LAKE D/S 
OF BILASPUR TOWN",LAKE,"HIMACHAL 
PRADESH",10,28,8.6,9.6,7.6,8.5,165,650,1.0,1.0,0.32,1.62,94,540,540,1600
2650.0,KHAZIAR LAKE,LAKE,"HIMACHAL 
PRADESH",7,23,5.5,9.9,6.7,8.0,46,179,1.0,1.0,0.30,4.67,2,130,14,1600
1429.0,"RENUKA LAKE AT RENUKA 
SIRMAUR",LAKE,"HIMACHAL 
PRADESH",18,25,6.7,8.1,7.8,8.3,309,747,1.0,2.6,0.32,0.91,26,130,170,350
2649.0,"REWALSAR LAKE 
(TOWARDS MELA 
GROUND)",LAKE,"HIMACHAL 
PRADESH",9,27,6.2,8.4,7.4,8.4,158,340,1.0,3.6,0.32,3.83,130,1600,920,1600
2738.0,"(MANSAR LAKE AT MID 
POINT(MANSAR LAKE)",LAKE,"JAMMU & 
KASHMIR",14,22,7.5,8.1,7.1,7.6,144,163,1.0,1.0,-,-,-,-,-,-
2740.0,"(MANSAR LAKE AT MID 
POINT(SURINSAR LAKE), 
J&K",LAKE,"JAMMU & 
KASHMIR",16,24,6.4,6.8,8.1,8.2,138,176,3.0,3.5,-,-,-,-,-,-
3257.0,DAL LAKE AT HABAK,LAKE,"JAMMU & 
KASHMIR",24,24,6.7,6.7,8.0,8.0,376,376,1.1,1.1,-,-,-,-,-,-
3261.0,"DAL LAKE AT NISHAT, 
WATER INTAKE POINT OF 
NISHAT WATER 
TREATMENT PLANT",LAKE,"JAMMU & 
KASHMIR",21,21,7.2,7.2,8.5,8.5,196,196,1.0,1.0,-,-,-,-,-,-
3255.0,DAL LAKE AT SADAPORA,LAKE,"JAMMU & 
KASHMIR",20,20,5.6,5.6,8.0,8.0,380,380,1.6,1.6,-,-,-,-,-,-
2739.0,"MANSAR LAKE POINT OF 
DISCHARGE OF WASTE 
WATER FROM DIFFERENT 
ESTABLISHMENTS NEAR 
NAG TEMPLE",LAKE,"JAMMU & 
KASHMIR",14,22,7.4,8.0,7.4,7.7,152,172,1.0,1.0,-,-,-,-,-,-
2741.0,"SURINSAR LAKE POINT OF 
DISCHARGE OF WASTE 
WATER FROM DIFFERENT 
ESTABLISHMENTS",LAKE,"JAMMU & 
KASHMIR",16,24,6.0,6.7,8.2,8.3,142,180,3.1,16.8,-,-,-,-,-,-
2398.0,"DIMNA LAKE, DIMNA",LAKE,JHARKHAND,20,35,6.6,7.6,6.9,7.7,193,277,1.0,1.2,-,-,-,-,-,-
2402.0,"HAZARIBAGH 
MEETHAJHIL",LAKE,JHARKHAND,22,35,6.5,7.6,7.3,7.5,-,-,1.5,2.9,-,-,-,-,-,-
2394.0,TOP CHANCHI LAKE,LAKE,JHARKHAND,13,30,7.2,8.4,7.3,8.5,-,-,1.8,2.5,-,-,-,-,-,-
4491.0,"HOLY POND OF SHIV 
GANGA JARMUNDI, 
DUMKA",POND,JHARKHAND,16,36,5.2,6.8,7.5,7.8,92,306,1.2,2.2,-,-,-,-,-,-
4740.0,"LOCO TALAB ) PUMPU 
TALAB), AT- BARMASIA, 
DHANBAD",POND,JHARKHAND,13,24,3.4,4.9,7.2,7.5,-,-,2.5,3.9,-,-,-,-,-,-
4741.0,"RANIBANDH TALAB NEAR 
ISM, DHANBAD",POND,JHARKHAND,14,25,4.0,5.2,7.2,7.4,-,-,1.9,4.5,-,-,-,-,-,-
2393.0,"SHIV GANGA POND, 
DEOGHAR",POND,JHARKHAND,17,38,5.6,7.0,7.5,7.8,112,312,1.1,1.6,-,-,-,-,-,-
4506.0,ABBIGERE LAKE,LAKE,KARNATAKA,25,25,0.3,6.7,6.5,7.4,312,2130,5.0,28.0,0.70,6.20,390,8400,3500,160000
3612.0,AGARAM LAKE,LAKE,KARNATAKA,25,25,4.2,6.9,6.8,7.8,354,1237,4.0,9.0,1.00,4.80,230,4900,3500,92000
3629.0,ALLALASANDRA LAKE,LAKE,KARNATAKA,25,25,0.3,6.0,6.8,8.2,368,1521,4.0,45.0,1.00,11.60,1700,33000,24000,350000
4541.0,ALUR LAKE,LAKE,KARNATAKA,25,25,4.4,7.1,6.4,7.7,118,896,4.0,9.0,0.40,2.90,210,3100000,3500,54000000
3628.0,AMRUTHAHALLI LAKE,LAKE,KARNATAKA,24,25,0.3,6.3,6.5,8.2,367,1098,4.0,73.0,1.10,4.00,49,7000,540,160000
3599.0,ANCHEPALYA LAKE,LAKE,KARNATAKA,25,25,3.1,6.9,6.1,7.3,286,1010,3.0,18.0,1.00,4.00,310,12000,9200,160000
4096.0,ANDHRAHALLI LAKE,LAKE,KARNATAKA,25,25,0.3,7.1,6.5,7.4,287,1943,4.0,52.0,0.96,7.20,170,4800000,3500,35000000
3615.0,ARAKERE LAKE,LAKE,KARNATAKA,25,25,2.6,6.2,6.7,7.6,315,2078,4.0,20.0,0.92,7.79,230,21000,3500,350000
3696.0,AYYANAKERE LAKE,LAKE,KARNATAKA,23,36,0.3,11.6,7.2,9.9,690,1600,3.0,185.0,0.40,7.30,1700,100000,7900,320000
4542.0,BASAVANAPURA LAKE,LAKE,KARNATAKA,25,25,0.5,6.3,6.9,7.9,405,936,4.0,11.0,0.81,3.40,330,32000,3500,540000
3602.0,BELLANDUR LAKE,LAKE,KARNATAKA,25,25,0.3,6.0,6.5,7.4,436,1750,5.0,65.0,1.40,18.70,460,41000000,16000,350000000
3643.0,BENNIGANAHALLI LAKE,LAKE,KARNATAKA,25,25,4.2,6.3,6.5,7.9,404,499,3.0,8.0,0.72,2.00,230,12000,2400,92000
4515.0,BHATTARAHALLI LAKE,LAKE,KARNATAKA,25,25,4.1,6.0,7.3,8.2,482,884,4.0,10.0,1.03,10.00,130,7000,2400,54000
3651.0,BHEEMSANDRA TANK,LAKE,KARNATAKA,25,25,0.3,6.2,6.6,7.3,288,1742,4.0,30.0,0.90,6.40,330,110000,2400,1600000
3679.0,BHUTANALA LAKE,LAKE,KARNATAKA,27,38,3.4,10.3,7.8,9.0,396,1020,1.0,5.4,3.43,21.34,920,920,1600,1600
3637.0,BYRAMANGALA LAKE,LAKE,KARNATAKA,25,25,2.8,6.1,6.5,7.5,502,1615,4.0,21.0,1.93,19.00,26,46000,220,540000
4507.0,CHELEKERE LAKE,LAKE,KARNATAKA,24,25,2.8,6.6,6.6,8.2,482,1670,3.0,20.0,1.70,6.78,220,4600000,2400,92000000
4095.0,CHIKKABANAVARA LAKE,LAKE,KARNATAKA,25,25,0.3,6.7,6.5,7.5,368,2140,4.0,81.0,1.80,7.00,340,31000,2400,540000
4537.0,CHINNAKURCHI KERE,LAKE,KARNATAKA,25,25,5.1,6.9,7.1,7.9,587,999,4.0,7.0,1.17,7.30,230,12000,3500,160000
4520.0,"CHINNAPPANAHALLI 
LAKE",LAKE,KARNATAKA,25,25,4.1,6.2,6.5,8.6,673,1009,4.0,10.0,1.85,16.00,210,12000,3500,160000
3584.0,DALAVAI LAKE,LAKE,KARNATAKA,21,29,1.5,4.5,7.5,8.7,897,1140,8.0,14.0,0.84,4.80,1200,2200,7000,11000
4521.0,"DEVARABEESANAHALLI 
LAKE",LAKE,KARNATAKA,25,25,2.2,6.8,6.8,7.8,295,979,3.0,16.0,0.83,3.73,220,27000,2400,240000
3645.0,"DEVARAYASAMUDRA 
LAKE",LAKE,KARNATAKA,25,25,0.5,6.4,6.5,7.3,216,499,3.0,8.0,0.50,2.00,330,15000,3500,160000
4526.0,DEVASANDRA LAKE,LAKE,KARNATAKA,25,25,4.2,6.1,6.5,7.6,259,568,3.0,10.0,0.81,8.00,170,31000,3500,540000
4539.0,"DODDABIDARAKALLU 
LAKE",LAKE,KARNATAKA,25,25,0.3,0.6,6.2,7.5,1033,1848,11.0,148.0,3.90,25.00,2300,270000000,35000,2400000000
4528.0,DODDAKANNEHALLI LAKE,LAKE,KARNATAKA,24,25,4.0,6.0,6.7,8.2,378,1479,3.0,16.0,1.00,6.00,310,31000,5400,540000
3604.0,DODDANEKKUNDI LAKE,LAKE,KARNATAKA,25,25,1.3,6.4,6.5,7.8,493,1376,4.0,75.0,1.70,3.54,170,6300,2400,160000
4094.0,"GANGONDANAHALLI 
LAKE",LAKE,KARNATAKA,25,25,0.3,4.4,2.2,7.5,898,11230,6.0,107.0,2.50,32.40,410,84000000,3500,920000000
3613.0,GOTTIGERE LAKE,LAKE,KARNATAKA,25,25,4.1,6.8,6.5,8.0,296,1292,4.0,10.0,1.10,4.00,48,7900,1600,92000
3654.0,GOTTIGERE LAKE,LAKE,KARNATAKA,25,25,0.3,6.4,6.5,7.7,367,1542,4.0,19.0,1.10,4.40,270,63000,2400,540000
4535.0,GUBBALAL LAKE,LAKE,KARNATAKA,25,25,3.3,7.4,6.5,8.6,217,650,3.0,11.0,0.70,3.00,400,700000,3500,5400000
3621.0,HARALUR LAKE,LAKE,KARNATAKA,25,25,0.3,6.6,6.5,8.0,366,1972,4.0,38.0,1.10,13.00,330,33000,5400,350000
3582.0,HEBBAL LAKE,LAKE,KARNATAKA,17,28,4.6,6.4,8.3,9.0,1006,1463,3.0,6.0,0.76,5.90,1100,1700,5800,7000
3625.0,HEBBAL LAKE,LAKE,KARNATAKA,25,25,4.0,7.6,6.5,7.6,367,855,3.0,7.0,0.93,2.27,110,7900,2400,160000
3597.0,HESARAGHATTA LAKE,LAKE,KARNATAKA,25,25,4.3,7.1,6.5,7.1,109,341,2.0,8.0,0.30,1.06,260,9400,3500,160000
4536.0,HOSAKEREHALLI LAKE,LAKE,KARNATAKA,25,25,0.3,6.2,6.5,7.9,552,2099,4.0,87.0,2.12,11.20,3100,8400000000,35000,9200000000
3636.0,HOSKERE LAKE,LAKE,KARNATAKA,25,25,0.3,6.4,6.5,7.6,376,1776,4.0,129.0,0.97,7.30,270,4600000,5400,35000000
3559.0,HULIKERE LAKE,LAKE,KARNATAKA,24,34,3.1,7.3,7.8,9.0,234,1483,1.0,25.0,0.30,4.53,2,1498,2,3500
3617.0,HULIMAVU LAKE,LAKE,KARNATAKA,25,25,3.1,6.2,6.5,7.7,316,1264,4.0,20.0,1.00,3.09,170,15000,2400,160000
3660.0,HUNASINA KERE LAKE,LAKE,KARNATAKA,23,29,5.8,7.3,7.4,8.0,320,690,2.0,2.6,0.30,0.30,130,280,1100,1600
3609.0,IBBALUR LAKE,LAKE,KARNATAKA,25,25,4.2,6.8,6.9,8.2,379,872,3.0,16.0,1.30,5.00,170,4300,2400,92000
4546.0,"JAKKSANDRA LAKE 
(KASAVANAHALLI LAKE )",LAKE,KARNATAKA,25,25,5.5,5.5,6.8,6.8,314,314,4.0,4.0,,,4600,4600,35000,35000
3627.0,JAKKUR LAKE,LAKE,KARNATAKA,24,25,2.2,6.9,6.7,7.7,478,1257,4.0,30.0,1.80,12.00,2300,12000,24000,160000
4545.0,"JUNGU KERE 
(DEVARABEESANAHALLI 
LAKE)",LAKE,KARNATAKA,25,25,5.6,5.6,6.9,6.9,406,406,4.0,4.0,1.40,1.40,220,220,2400,2400
4097.0,KACHOHALLI LAKE,LAKE,KARNATAKA,25,25,0.3,6.2,6.5,7.5,863,2420,4.0,66.0,2.20,15.87,140,43000,3500,920000
3611.0,KAIKONDANAHALLI LAKE,LAKE,KARNATAKA,25,25,0.3,6.5,6.8,8.4,416,2073,4.0,45.0,1.60,16.00,2200,340000,24000,2400000
3616.0,KALENA AGRAHARA LAKE,LAKE,KARNATAKA,25,25,3.4,6.7,6.7,7.8,309,1044,3.0,11.0,0.72,4.00,330,41000,3500,240000
4540.0,"KAMMAGONDANAHALLI 
LAKE",LAKE,KARNATAKA,25,25,0.3,6.1,6.5,7.4,262,1970,3.0,36.0,0.67,7.00,430,2300000,3500,35000000
4530.0,KAMMASANDRA LAKE,LAKE,KARNATAKA,25,25,0.3,5.1,6.8,7.8,738,3000,7.0,105.0,3.00,18.00,390,94000,5400,540000
3601.0,KARIHOBANAHALLI LAKE,LAKE,KARNATAKA,25,25,0.3,5.8,6.7,7.1,1291,2890,5.0,80.0,4.20,53.00,430,220000,5400,3500000
4529.0,KASAVANAHALLI LAKE,LAKE,KARNATAKA,24,25,2.8,6.8,6.6,8.2,314,894,3.0,12.0,1.10,7.00,170,8400,3500,160000
3684.0,KELEGERE LAKE,LAKE,KARNATAKA,23,25,7.1,7.4,7.2,8.1,503,680,3.5,4.7,0.56,1.18,70,278,212,542
3680.0,KILLA LAKE,LAKE,KARNATAKA,21,25,4.2,7.7,7.7,8.9,280,452,1.0,4.0,3.64,18.34,350,920,920,1600
4543.0,KODI SINGASANDRA LAKE,LAKE,KARNATAKA,25,25,1.8,6.4,6.7,7.6,278,1119,3.0,18.0,0.90,4.00,330,8400,2400,160000
4511.0,KOGILU KERE,LAKE,KARNATAKA,25,25,3.2,6.2,6.5,7.2,363,1098,4.0,31.0,0.90,4.00,270,12000,3500,160000
3695.0,KONDAJJIKERE LAKE,LAKE,KARNATAKA,25,30,6.1,7.4,7.4,8.2,235,690,1.8,2.5,0.30,3.20,14,170,94,600
4544.0,KOTHANURU LAKE,LAKE,KARNATAKA,25,25,3.2,6.1,6.5,7.8,345,1311,4.0,17.0,0.90,4.00,79,7900,1600,92000
3583.0,KUKKARAHALLI LAKE,LAKE,KARNATAKA,22,35,5.5,7.0,8.2,9.0,543,653,2.0,4.5,0.44,2.50,400,1100,4300,6300
4516.0,KUNDALAHALLI LAKE,LAKE,KARNATAKA,25,25,4.7,6.2,6.5,7.8,633,1325,4.0,8.0,1.90,5.09,310,4600,2400,160000
3692.0,KUNDUVADAKERE LAKE,LAKE,KARNATAKA,25,28,6.7,9.1,7.8,8.3,240,370,1.0,2.6,0.30,2.30,20,70,170,240
3586.0,LIMBHABUDI LAKE,LAKE,KARNATAKA,20,29,4.5,6.2,7.9,8.7,731,1698,3.0,6.0,0.44,4.80,140,1400,5800,7900
4538.0,MACHOHALLI LAKE,LAKE,KARNATAKA,25,25,0.3,5.8,6.6,7.5,1057,6140,5.0,390.0,2.70,20.51,2300,1100000000,24000,3500000000
3635.0,MALATHAHALLI LAKE,LAKE,KARNATAKA,25,25,2.2,6.3,6.6,7.7,632,1915,4.0,52.0,1.42,7.00,260,8400,9200,160000
4547.0,"MANGAMANAPALYA 
LAKE(SWARANA KUNTE)",LAKE,KARNATAKA,25,25,4.1,6.0,6.7,7.7,325,896,4.0,14.0,0.72,4.00,130,11000,2400,92000
3644.0,MULBAGALU LAKE,LAKE,KARNATAKA,25,25,0.3,5.8,6.5,8.2,850,1555,4.0,30.0,1.80,5.23,400,940000,3500,9200000
3626.0,NAGAVARA LAKE,LAKE,KARNATAKA,25,25,2.6,7.1,6.5,8.2,378,1006,3.2,31.0,1.40,3.00,230,4700,3500,160000
4523.0,NALLURAHALLI LAKE,LAKE,KARNATAKA,25,25,4.2,6.8,6.6,8.7,383,624,4.0,9.0,1.30,9.80,210,4900,2400,160000
3646.0,NARASAPURA LAKE,LAKE,KARNATAKA,25,25,0.5,6.5,6.5,7.4,460,1006,4.0,115.0,0.92,3.00,230,4900,3500,160000
4509.0,NARASIPURA LAKE,LAKE,KARNATAKA,24,25,2.2,7.3,6.6,8.2,354,774,3.0,19.0,1.00,3.90,230,23000,2400,240000
3685.0,NAVALOORU LAKE,LAKE,KARNATAKA,23,26,6.3,7.6,6.6,8.2,805,1130,3.6,4.4,0.98,1.32,58,141,130,280
4505.0,NELAMANGALA LAKE,LAKE,KARNATAKA,25,25,0.3,5.1,6.6,7.5,869,1938,6.0,65.0,2.29,6.53,130,12000,2400,92000
3687.0,NUGGIKERE LAKE,LAKE,KARNATAKA,24,25,6.2,6.9,7.1,8.2,653,842,3.4,4.1,0.65,1.08,58,150,141,278
3620.0,"PARAPPANA AGRAHARA 
LAKE",LAKE,KARNATAKA,24,25,0.3,5.8,6.7,7.8,460,1910,4.0,26.0,1.40,8.60,230,480000,3500,3500000
4524.0,"PATTANDUR AGRAHARA 
LAKE",LAKE,KARNATAKA,25,25,2.3,6.9,6.6,7.6,409,1318,4.0,9.0,0.95,13.00,480,27000,3500,240000
3614.0,PUTTENAHALLI LAKE,LAKE,KARNATAKA,25,25,3.1,6.2,6.5,7.5,360,1132,3.0,12.0,1.00,3.68,230,8400,2400,160000
3624.0,PUTTENAHALLI LAKE,LAKE,KARNATAKA,24,25,2.0,7.3,6.5,7.6,369,751,4.0,23.0,1.10,2.20,170,32000,2400,540000
4510.0,RACHENAHALLI LAKE,LAKE,KARNATAKA,25,25,2.0,5.4,6.6,8.2,486,1521,4.0,34.0,1.70,5.05,340,47000,9200,540000
4519.0,RAMPURA LAKE,LAKE,KARNATAKA,25,25,0.3,4.4,6.5,7.5,1028,1545,11.0,134.0,3.00,34.00,460,270000,3500,2400000
4514.0,SADARAMANGALA LAKE,LAKE,KARNATAKA,25,25,1.6,6.6,6.5,8.2,530,812,4.0,14.0,1.39,3.19,170,6300,2400,54000
4504.0,SARAKKI LAKE,LAKE,KARNATAKA,25,25,3.8,9.0,6.9,8.3,422,686,4.0,9.0,1.40,2.60,270,7000,2400,160000
3674.0,"SATHYAMANGALA KERE 
POND",LAKE,KARNATAKA,21,28,5.8,7.1,7.3,8.3,340,480,2.0,2.5,0.30,0.30,130,330,1100,1700
4525.0,SEETHARAMPALYA LAKE,LAKE,KARNATAKA,25,25,2.8,5.7,6.7,8.4,580,2480,4.0,22.0,1.18,7.20,170,40000,3500,540000
4527.0,"SHEELAVANTA-
WHITEFIELD LAKE",LAKE,KARNATAKA,25,25,0.5,6.2,6.5,8.9,517,1123,4.0,38.0,1.20,7.40,410,63000,9200,540000
3587.0,SHETTYKERE LAKE,LAKE,KARNATAKA,18,30,5.3,6.6,7.7,8.6,525,1017,2.5,6.4,0.56,3.80,780,1700,4600,7900
4508.0,SINGAPURA LAKE,LAKE,KARNATAKA,24,25,0.3,6.1,6.5,7.4,628,1387,4.0,98.0,2.00,19.00,630,31000000,9200,350000000
3618.0,SINGASANDRA LAKE,LAKE,KARNATAKA,25,25,0.3,4.7,6.8,8.6,457,1990,8.0,32.0,1.40,14.00,330,34000,2400,540000
3622.0,"SOMASUNDRAPALYA 
LAKE",LAKE,KARNATAKA,25,25,2.8,6.4,6.6,7.7,330,980,3.0,9.0,0.92,12.00,210,11000,3500,92000
4534.0,SOMPURA LAKE,LAKE,KARNATAKA,25,25,4.2,6.9,7.3,7.8,652,1655,4.0,7.0,1.89,23.24,140,9400,2400,160000
3688.0,SUDANAKERE LAKE,LAKE,KARNATAKA,23,25,5.1,7.1,7.3,8.2,719,1037,3.9,5.3,0.70,1.36,112,350,345,630
4533.0,ULLALU LAKE,LAKE,KARNATAKA,25,25,0.3,6.4,6.5,7.8,405,978,4.0,50.0,1.18,4.00,310,23000000,3500,1600000000
3593.0,ULSOOR LAKE TEMPLE,LAKE,KARNATAKA,25,25,0.5,6.9,6.5,9.2,262,384,4.0,26.0,0.90,4.00,630,40000,5400,350000
1388.0,"ULSOOR LAKE TRAINING 
CENTRE OF FISH 
BREEDING",LAKE,KARNATAKA,25,25,0.6,6.8,7.3,9.3,263,391,4.0,17.4,0.80,1.20,460,94000,5400,540000
3690.0,UNAKALKERE LAKE,LAKE,KARNATAKA,24,26,7.1,7.3,7.3,8.2,784,1037,3.3,3.8,0.95,1.22,52,186,172,350
3640.0,UTTARAHALLI DORAIKERE,LAKE,KARNATAKA,25,25,0.3,6.1,6.3,8.8,171,509,4.0,174.0,0.65,4.60,270,84000,9200,920000
3608.0,VARTHUR LAKE,LAKE,KARNATAKA,25,25,0.3,5.8,6.5,7.6,489,1517,4.0,102.0,1.50,19.00,3400,33000000,92000,350000000
3632.0,VEERAPURA TANK,LAKE,KARNATAKA,25,25,1.9,6.3,6.5,7.3,133,1940,3.0,51.0,0.41,6.53,49,15000,350,160000
3603.0,"VENGAIYYANAKERE( KR 
PURAM LAKE )",LAKE,KARNATAKA,25,25,0.3,5.2,6.5,7.5,808,1697,4.0,90.0,1.75,5.10,310,220000,5400,2400000
4522.0,VIBHUTHIPURA LAKE,LAKE,KARNATAKA,25,25,2.4,6.9,6.5,8.5,325,1542,4.0,22.0,1.27,5.00,140,2200,2400,35000
4512.0,VISWANEEDAM LAKE,LAKE,KARNATAKA,25,25,0.3,6.0,6.5,7.5,367,2860,5.0,104.0,0.69,17.80,430,3400000,9200,35000000
3638.0,YELACHENAHALLI LAKE,LAKE,KARNATAKA,25,25,3.9,6.6,6.5,8.6,157,1994,3.0,12.0,0.52,7.60,310,7000,3500,92000
3605.0,"YELEMALLAPPA SHETTY 
LAKE",LAKE,KARNATAKA,25,25,0.3,6.3,6.5,7.5,443,2118,4.0,45.0,1.40,6.50,170,230000000,3500,2400000000
3585.0,YENNEHOLE LAKE,LAKE,KARNATAKA,20,28,0.9,4.3,7.6,8.7,856,1227,9.0,24.0,0.76,5.60,940,2500,7900,11000
3682.0,KAKATI POND,POND,KARNATAKA,22,29,3.3,7.9,8.3,9.4,1020,2924,1.0,7.5,2.69,21.54,430,1840,1600,3200
3670.0,AINORAKATTE KERE,TANK,KARNATAKA,20,26,4.0,5.8,7.3,7.9,380,1680,2.6,5.6,0.30,0.60,320,680,2100,4000
3623.0,"ANEKAL DODDAKERE 
TANK",TANK,KARNATAKA,25,25,3.0,6.5,6.6,8.2,492,1988,4.0,13.0,1.40,21.44,210,6300,3500,54000
3681.0,ANGOL MI TANK,TANK,KARNATAKA,24,28,0.3,2.1,6.8,8.3,348,1128,3.9,67.0,5.45,16.23,1840,1840,3200,3200
3673.0,AVALI KERE,TANK,KARNATAKA,21,30,1.9,4.6,7.3,8.0,530,1510,3.6,16.0,0.30,1.30,110,680,920,4900
3675.0,B KATIHALLI KERE,TANK,KARNATAKA,21,26,6.3,7.4,7.3,8.0,320,410,2.3,2.7,0.30,0.30,94,400,920,3500
3664.0,"BASAVANAHALLIKERE 
TANK",TANK,KARNATAKA,21,26,5.8,7.4,7.7,8.2,280,370,2.0,2.6,0.30,0.30,94,220,920,1400
3619.0,BEGUR TANK,TANK,KARNATAKA,25,25,3.2,6.3,6.6,7.6,285,1273,4.0,13.0,1.00,3.86,230,9400,2400,160000
3693.0,BHATHIKERE TANK,TANK,KARNATAKA,25,30,1.9,6.9,6.6,7.9,280,980,2.0,5.2,0.30,19.00,240,6300,690,54000
3595.0,BYRASANDRA TANK,TANK,KARNATAKA,25,25,1.2,5.3,6.5,8.5,292,798,4.0,27.0,0.72,2.50,310,27000,16000,540000
4532.0,CHANDAPURA LAKE,TANK,KARNATAKA,25,25,0.3,6.1,6.7,7.7,634,2890,4.0,105.0,2.00,19.00,170,270000,2400,2400000
3606.0,DASARAHALLI TANK,TANK,KARNATAKA,25,25,3.3,6.3,6.1,6.9,274,484,3.0,14.0,0.80,2.00,170,110000,2400,920000
3634.0,DEVARAKERE TANK,TANK,KARNATAKA,25,25,2.9,7.1,6.5,8.0,251,472,3.0,21.0,0.74,4.40,210,12000,3500,160000
3641.0,DHOREKERE TANK,TANK,KARNATAKA,25,25,0.3,6.8,6.6,8.6,223,1015,4.0,54.0,0.86,5.70,1700,12000,24000,160000
3653.0,"DODDAKERE 
TANK(KUNIGAL)",TANK,KARNATAKA,25,25,4.4,6.4,6.5,8.2,149,626,3.0,7.0,0.51,2.00,340,8400,5400,92000
3666.0,"GANIGARAHOSAHALLIKE
RE TANK",TANK,KARNATAKA,21,25,6.2,7.3,7.6,8.0,410,730,2.0,2.5,0.02,0.30,140,320,1100,2200
4518.0,"GARUDACHARPALYA 
TANK",TANK,KARNATAKA,25,25,0.5,5.9,6.7,8.2,315,826,4.0,15.0,0.69,3.00,110,7900,2400,92000
3561.0,"HANDIKERE (KOPPAL) 
TANK",TANK,KARNATAKA,24,34,2.4,7.3,8.1,9.1,304,1438,3.0,30.0,0.30,8.56,2,1356,2,3500
3671.0,"HANUMANTHAPURAKAT
TE TANK",TANK,KARNATAKA,21,27,5.8,6.8,7.4,7.8,350,480,2.0,2.5,0.30,0.30,210,320,1300,2200
3683.0,HEREKERE TANK,TANK,KARNATAKA,23,26,4.4,4.9,7.5,7.9,775,1119,19.0,36.0,1.12,1.68,161,542,475,920
3598.0,HEROHALLI TANK,TANK,KARNATAKA,25,25,0.5,6.8,6.5,7.4,293,1131,3.0,87.0,0.90,4.59,170,7900,2400,160000
3642.0,JIGANI TANK,TANK,KARNATAKA,25,25,4.3,6.2,6.5,7.4,446,1463,4.0,7.0,1.17,4.00,130,4800,2400,35000
3663.0,JOLADAKATTE TANK,TANK,KARNATAKA,21,28,5.0,6.9,7.6,8.2,340,580,2.0,3.0,0.02,0.30,140,340,1100,2400
3607.0,KALKERE TANK,TANK,KARNATAKA,25,25,0.3,5.6,6.8,8.9,885,1906,4.0,36.0,1.90,16.00,330,270000,3500,2400000
3657.0,"KANCHANAHALLI 
KOPPALU KERE",TANK,KARNATAKA,21,30,1.5,6.2,7.2,8.0,580,4700,2.5,8.0,0.30,1.80,93,340,790,2200
3588.0,KARANJIKERE TANK,TANK,KARNATAKA,22,28,5.0,6.9,7.9,8.8,540,912,2.0,4.0,0.32,3.30,380,1100,4100,6300
3591.0,KEMPAMBUDHI TANK,TANK,KARNATAKA,25,25,2.5,6.4,6.5,8.1,242,647,4.0,15.0,0.80,8.00,340,15000,2400,160000
3639.0,KENGERI TANK,TANK,KARNATAKA,25,25,0.3,5.3,6.5,7.8,493,1158,4.0,77.0,1.50,12.00,220,330000000,2400,2400000000
3661.0,"KOKKANAGHATTADODDA
KERE TANK",TANK,KARNATAKA,20,29,4.0,7.0,7.6,8.6,380,2100,2.8,5.1,0.30,1.30,93,400,920,3500
3662.0,KOUSHIKA KERE,TANK,KARNATAKA,21,32,6.2,7.8,7.5,8.2,350,530,2.0,2.4,0.30,0.30,94,220,920,1400
4517.0,KOWDHENAHALLI TANK,TANK,KARNATAKA,25,25,0.3,6.8,6.5,8.8,260,1197,3.0,32.0,0.63,4.00,310,79000,3500,350000
3590.0,LALBAGH TANK,TANK,KARNATAKA,25,25,3.5,6.7,6.9,8.4,331,515,4.0,8.0,1.02,8.00,170,6300,2400,92000
3665.0,LINGAPPANAKATTE TANK,TANK,KARNATAKA,21,32,6.0,7.4,7.5,8.1,320,540,2.0,3.0,0.30,0.30,98,260,920,1700
4503.0,MADHURE TANK,TANK,KARNATAKA,25,25,4.5,6.4,6.5,7.7,120,555,3.0,8.0,0.37,2.00,230,15000,2400,160000
3589.0,MADIWALA TANK,TANK,KARNATAKA,25,25,2.2,6.6,6.9,8.2,399,1400,4.0,32.0,1.44,5.37,230,12000,2400,160000
3659.0,MAKANA (KANDALI) KERE,TANK,KARNATAKA,22,28,1.0,5.8,7.2,7.8,460,1230,3.1,9.4,0.30,0.90,400,3300,4900,14000
4092.0,"MANCHALAPUR TANK, 
MANCHALAPUR, 
RAICHUR",TANK,KARNATAKA,25,35,5.8,10.7,7.1,9.3,945,2280,4.0,24.0,0.30,17.22,170,54000,500,160000
3697.0,"MATADAKERE TANK 
(ARASANAKERE)",TANK,KARNATAKA,24,29,7.2,8.2,7.4,9.3,740,1270,4.8,28.0,0.32,8.40,79,60000,920,430000
3560.0,MAVINAKERE TANK,TANK,KARNATAKA,25,36,5.0,10.8,7.5,9.3,1210,2540,4.0,24.0,0.30,6.84,170,110000,900,350000
3650.0,MELEKOTE TANK,TANK,KARNATAKA,25,25,0.5,6.3,6.6,7.6,284,1728,4.0,38.0,0.90,6.50,330,27000,3500,350000
3648.0,MYDALA TANK,TANK,KARNATAKA,25,25,4.0,7.2,6.5,8.2,158,433,3.4,9.0,0.50,2.10,170,46000,2400,540000
3596.0,NAYANDANAHALLI TANK,TANK,KARNATAKA,25,25,0.3,6.8,5.7,8.1,184,1576,4.0,23.0,0.69,7.00,630,130000,16000,2400000
3686.0,NIRASAGARAKERE TANK,TANK,KARNATAKA,24,26,7.3,7.6,7.2,8.1,341,448,2.2,2.7,0.35,0.56,6,30,16,80
3669.0,PEREMANAHALLI KERE,TANK,KARNATAKA,20,28,5.2,6.9,7.3,8.1,360,570,2.0,2.5,0.30,0.30,93,320,920,1700
3565.0,PILIKULA TANK,TANK,KARNATAKA,26,29,6.4,7.9,6.7,7.8,128,227,3.0,3.0,0.68,3.03,11,84,94,460
4502.0,RAMAMMANA KERE,TANK,KARNATAKA,25,25,0.3,6.8,7.0,7.9,412,1073,4.0,32.0,0.92,15.00,330,9400,3500,160000
4513.0,RAMAMMANA KERE,TANK,KARNATAKA,25,25,0.3,6.3,6.5,7.0,250,1699,3.0,22.0,0.95,5.00,170,460000,5400,3500000
4531.0,RAYASANDRA LAKE,TANK,KARNATAKA,25,25,0.3,5.9,6.7,7.8,736,2240,5.0,99.0,2.60,33.00,210,4700000,9200,92000000
3676.0,SAHANA LAKE,TANK,KARNATAKA,21,28,5.9,7.3,7.5,8.2,330,460,1.8,2.4,0.30,0.30,140,260,1100,1600
4498.0,"SANAVALLI DAM, 
MUNGOD",TANK,KARNATAKA,24,30,7.1,7.3,6.9,7.4,222,301,2.1,2.6,0.32,3.22,4,22,22,35
3672.0,"SANKALAPURAKERE 
TANK",TANK,KARNATAKA,22,26,6.5,7.6,7.5,7.8,320,560,2.0,2.6,0.02,0.30,220,330,1600,2200
3594.0,SANKEY TANK,TANK,KARNATAKA,25,25,4.7,7.0,6.7,7.7,419,721,3.0,6.0,1.18,2.77,49,4600,240,54000
3667.0,"SATHENAHALLIDODDAKE
RE TANK",TANK,KARNATAKA,21,28,5.2,6.8,7.5,8.1,350,1130,2.5,4.1,0.30,0.90,170,470,1300,3500
3694.0,"SHANTHISAGARKERE 
TANK",TANK,KARNATAKA,26,28,6.8,7.3,6.9,8.3,98,710,1.6,3.0,0.36,5.80,13,170,110,900
3677.0,"SHARANABASAVESHWAR
A KERE TANK",TANK,KARNATAKA,25,31,6.0,7.8,6.9,8.9,1199,2250,3.0,15.0,0.30,4.20,140,7000,920,160000
3600.0,SHIVAPURA TANK,TANK,KARNATAKA,25,25,0.3,4.8,6.8,7.4,694,3730,8.0,87.0,2.67,22.00,220,94000,2400,920000
3668.0,SODHARAHALLIKERE,TANK,KARNATAKA,21,31,1.8,6.0,7.3,8.2,520,1350,3.0,8.0,0.30,1.10,200,780,1600,4900
3689.0,"SOMESHWARAKERE 
TANK",TANK,KARNATAKA,23,26,5.1,6.6,7.1,7.9,784,1302,5.1,8.1,1.08,1.90,63,220,220,450
3633.0,"SUBRAMANYAPURA 
TANK",TANK,KARNATAKA,25,25,0.3,5.0,6.6,7.6,992,2314,5.0,90.0,2.30,21.00,460,6300000,9200,54000000
3610.0,TUBARAHALLI TANK,TANK,KARNATAKA,25,25,0.3,6.0,6.6,8.0,655,1017,4.0,14.0,2.00,14.00,330,4600,3500,92000
3691.0,"VIMANABHUTHIKERE 
TANK",TANK,KARNATAKA,25,29,6.8,8.5,7.3,8.5,122,318,1.0,3.0,0.30,2.60,13,47,109,350
3592.0,YEDIYUR TANK,TANK,KARNATAKA,25,25,3.2,6.8,6.9,8.4,203,382,4.0,11.0,0.67,5.00,310,6300,5400,160000
3630.0,YELAHANKA TANK,TANK,KARNATAKA,24,25,2.0,6.5,6.7,8.1,366,780,4.0,19.0,1.10,10.00,230,12000,3500,92000
5180.0,"AKKULAM BRIDGE AT 
AKKULAM LAKE, 
THIRUVANANTHAPURAM",LAKE,KERALA,27,27,0.8,7.3,6.3,7.5,5,56,1.6,13.8,0.30,0.30,100,15000,400,400
1383.0,"AKKULAM LAKE AT 
ORUVATHILKOTTA, 
THIRUVANANTHAPURAM",LAKE,KERALA,26,27,2.2,4.1,6.5,7.8,179,520,3.6,7.2,0.30,0.30,920,2700,2500,6300
1579.0,"ALAPPUZHA, KERALA",LAKE,KERALA,27,31,4.0,7.4,6.5,7.7,154,2151,1.1,2.7,0.30,0.30,2,1200,200,3300
5200.0,"ASHTAMUDI LAKE AT 
PERUMON, KOLLAM",LAKE,KERALA,22,28,4.2,8.4,6.6,8.1,14200,41265,1.0,3.6,0.30,140.80,81,220,200,810
5198.0,"ASHTAMUDI LAKE AT 
THOPPILAKADAVU, 
KOLLAM",LAKE,KERALA,24,29,0.8,5.7,6.7,8.2,16650,44050,1.6,22.0,0.30,76.50,210,530,320,1560
5199.0,"ASHTAMUDI LAKE NEAR 
KSRTC BUS DEPOT, 
KOLLAM",LAKE,KERALA,23,28,0.4,4.9,7.5,8.9,16885,42360,8.8,24.0,0.30,111.80,170,1200,700,3200
5201.0,"ASHTAMUDI LAKE NEAR 
M/S. KUNDARA 
CERAMICS, KOLLAM",LAKE,KERALA,20,26,3.4,7.0,7.1,8.1,24850,49865,1.0,18.0,0.30,147.00,140,350,780,1700
1441.0,"ASHTHAMUDI LAKE AT 
QUILON, KERALA",LAKE,KERALA,23,28,4.1,6.8,6.4,8.4,17123,46952,1.8,9.0,0.30,135.40,130,680,630,1500
1578.0,"KAYAMKULAM, KERALA",LAKE,KERALA,28,31,3.3,7.4,7.1,7.8,1894,10323,2.0,3.9,0.30,0.68,2,800,2,1500
5182.0,"KOCHI LAKE AT GOSHREE 
BRIDGE, KOCHI",LAKE,KERALA,-,-,3.7,7.4,7.0,9.7,-,-,1.4,3.9,-,-,310,4900,-,-
5183.0,"KOCHI LAKE NEAR 
COCHIN PORT TRUST, 
KOCHI",LAKE,KERALA,-,-,1.8,6.3,7.3,8.9,-,-,1.0,4.5,-,-,1700,78000,-,-
5184.0,"KOCHI LAKE NEAR 
THOPUMPADY, KOCHI",LAKE,KERALA,-,-,3.1,7.1,7.3,9.2,-,-,1.0,2.4,-,-,1500,17000,-,-
5185.0,"KOCHI LAKE NEAR 
WELLINGTON ISLAND, 
KOCHI",LAKE,KERALA,-,-,3.3,7.3,7.0,9.3,,,1.8,4.4,,,49,13000,,
1577.0,"KODUNGALLOOR, 
KERALA",LAKE,KERALA,26,30,1.2,7.8,6.9,7.9,104,32000,1.0,2.5,0.30,0.61,170,10000,350,22000
5230.0,"LAKE KARLAD AT 
WAYANAD",LAKE,KERALA,22,31,6.1,7.5,6.5,7.2,39,69,1.0,1.8,0.30,0.30,4,63,8,140
2312.0,"LAKE VEMBANAD AT 
PATHIRAMANAL 
(ALAPPUZHA)",LAKE,KERALA,27,31,5.9,7.9,6.5,7.7,131,1516,1.3,3.0,0.30,0.30,2,100,2,540
1574.0,"PARAVUR, KERALA",LAKE,KERALA,23,26,5.1,7.8,6.1,8.0,13800,28653,1.4,2.6,0.30,26.70,130,300,460,1020
1576.0,"PERIYAR LAKE AT 
THEKKADY, KERALA",LAKE,KERALA,24,25,7.2,7.8,6.9,7.4,47,47,1.0,1.0,0.30,0.30,2,2,2,2
1580.0,"POOKODE LAKE AT 
POOKODE",LAKE,KERALA,22,31,7.0,7.7,6.5,7.1,21,29,1.0,1.0,0.30,0.30,2,24,10,48
1385.0,"SASTHAMCOTTA LAKE, 
KERALA",LAKE,KERALA,22,26,6.7,7.8,6.6,7.6,120,220,1.0,1.8,0.30,1.60,100,170,150,680
5179.0,"VELI BOAT CLUB AT VELI 
LAKE,THIRUVANANTHAP
URAM",LAKE,KERALA,-,-,1.4,6.2,6.2,7.4,5,5,4.9,15.0,-,-,4100,21000,5800,5800
3470.0,"VELLAYANI LAKE AT 
VANDITHADOM, 
THIRUVANANTHAPURAM",LAKE,KERALA,26,27,5.2,7.8,6.0,7.9,125,200,1.9,5.8,0.30,0.30,600,1800,1400,2500
5190.0,"VEMBANAD LAKE AT 
ANDAKARANAZHI NEW 
BRIDGE, ALAPPUZHA",LAKE,KERALA,-,-,0.5,7.9,6.8,7.7,-,-,1.9,5.3,-,-,2,1000,300,300
1575.0,"VEMBANAD LAKE,KOCHI 
(OIL TANKER JETTY), 
KERALA",LAKE,KERALA,27,30,2.8,7.6,6.7,9.8,365,53730,2.0,3.8,0.30,0.58,2200,240000,4000,700000
5170.0,"AALUMKULAM POND AT 
KOORKKANCHERY,THRISS
UR",POND,KERALA,25,30,5.3,8.0,6.0,8.3,135,220,1.0,2.4,0.30,7.30,2,600,2,1000
5165.0,"CHIRAKKAL CHIRA 
,KADALAYI,KANNUR",POND,KERALA,27,30,5.3,7.8,6.4,8.4,120,179,1.0,3.5,0.30,0.60,40,350,70,700
3462.0,"MANANCHIRA POND AT 
KOZHEKODE",POND,KERALA,26,30,7.3,8.3,6.6,8.8,39,64,1.0,1.4,0.30,0.30,10,630,100,790
2325.0,"POND AT 
(PADMANABHA) SREE 
PADMANABHA SWAMY 
TEMPLE (TVPM)",POND,KERALA,26,27,3.5,7.8,6.7,8.0,195,300,2.4,5.4,0.30,0.30,1800,3700,4600,8400
5212.0,"POND NEAR HMT 
COLONY,NORTH",POND,KERALA,27,30,7.2,7.9,6.5,9.3,55,96,1.0,2.3,0.30,0.30,94,5400,490,6300
,"KALAMASSERY PALAM, 
ERNAKULAM",,,,,,,,,,,,,,,,,,
5164.0,"THEERTHAMKARA POND 
AT 
PADANNAKKAD,KANHAN
GAD MUNCIPALITY",POND,KERALA,27,29,5.3,8.0,6.9,7.9,83,238,1.0,2.8,0.30,0.37,4,170,81,680
5166.0,"THRIKAIKUNNU 
CHIRA,KOOTHUPARAMB
A,KANNUR",POND,KERALA,27,34,6.2,8.7,5.5,8.1,82,185,1.0,4.0,0.30,0.30,40,400,100,700
1401.0,POND C/O JUMA MASJID,POND,"LAKSHADWE
EP",31,31,-,-,8.5,8.5,290,290,-,-,-,-,540,540,540,540
4557.0,"POND C/O MOHIDHEEN 
PALLI",POND,"LAKSHADWE
EP",20,34,-,-,7.1,9.1,364,754,-,-,-,-,-,-,-,-
4568.0,"POND NEAR 
KULKAPPINAKKAL",POND,"LAKSHADWE
EP",28,34,-,-,7.0,8.3,385,906,1.0,1.0,-,-,-,-,-,-
2132.0,"BILAWALI TALAB AT 
INDORE",LAKE,"MADHYA 
PRADESH",19,22,6.8,7.8,7.1,8.7,299,613,1.0,1.3,0.84,1.08,2,2,40,63
4615.0,GANGA SAGAR JABALPUR,LAKE,"MADHYA 
PRADESH",18,25,5.4,7.8,7.2,8.6,324,642,1.6,4.2,0.21,2.60,2,12,84,920
2135.0,GOVINDGARH LAKE,LAKE,"MADHYA 
PRADESH",20,32,6.7,7.8,7.1,7.6,216,298,1.0,1.4,0.45,0.89,2,2,41,48
2141.0,"JANUNIA TALAB NEAR 
WATER SUPPLY INTAKE 
WELL SEHORE( M.P.)",LAKE,"MADHYA 
PRADESH",16,32,4.9,8.0,7.0,8.2,69,544,1.0,4.2,3.12,8.29,2,120,130,430
4622.0,"KOPTAL LAKE AT WATER 
SUPPLY INTAKE POINT 
CHHATARPUR",LAKE,"MADHYA 
PRADESH",23,31,5.8,9.1,7.2,8.5,540,1165,1.7,6.8,0.41,3.53,2,4,31,120
1374.0,"LOWER LAKE SPILL-
OUTLET NEAR KALIGHAT, 
BHOPAL (M.P.)",LAKE,"MADHYA 
PRADESH",16,31,3.2,9.0,6.9,8.4,297,419,1.8,7.4,4.08,8.71,8,350,920,1600
2130.0,"MADHAV LAKE, SHIVPURI",LAKE,"MADHYA 
PRADESH",20,30,6.8,7.6,7.3,7.7,272,830,1.4,2.7,0.48,1.20,2,6,24,64
2134.0,"NAGCHUN TALAB AT 
KHANDWA",LAKE,"MADHYA 
PRADESH",20,22,4.2,7.7,7.7,8.5,237,402,1.0,6.0,0.64,2.15,2,2,46,110
2136.0,"SHAHPURA LAKE NEAR 
SPILL-OUTLET AT 
BHOPAL( M.P.)",LAKE,"MADHYA 
PRADESH",18,31,3.3,9.9,6.8,8.2,424,883,1.8,11.6,6.16,18.60,6,1600,1600,1600
2133.0,SIRPUR TALAB AT INDORE,LAKE,"MADHYA 
PRADESH",20,22,6.5,7.8,7.1,8.3,318,640,1.0,1.9,0.90,1.26,2,2,41,70
4614.0,SUPTAL JABALPUR,LAKE,"MADHYA 
PRADESH",18,25,5.5,7.6,7.6,8.3,319,598,2.3,3.9,0.27,2.40,2,21,79,1600
1373.0,"UPPER LAKE AT WATER 
SUPPLY INTAKE WELL 
NEAR KAMLA PARK, 
BHOPAL (M.P.)",LAKE,"MADHYA 
PRADESH",15,32,4.7,7.6,7.1,8.1,161,387,1.0,2.8,2.06,5.17,4,27,110,430
2139.0,"UPPER LAKE NEAR 
WATER SUPPLY INTAKE 
WELL BAIRAGARH , 
BHOPAL(M.P.)",LAKE,"MADHYA 
PRADESH",16,32,4.9,7.6,7.0,8.3,174,341,1.0,2.5,0.32,4.85,2,33,210,350
2138.0,"UPPER LAKE NEAR 
WATER SUPPLY INTAKE 
WELL NEAR KARBALA 
,BHOPAL(M.P.)",LAKE,"MADHYA 
PRADESH",16,33,5.0,9.2,7.1,8.3,154,337,1.0,2.8,0.46,4.27,4,26,120,280
2137.0,"UPPER LAKE NEAR 
WATER SUPPLY INTAKE 
WELL YATCH CLUB 
BHOPAL(M.P.)",LAKE,"MADHYA 
PRADESH",17,31,5.0,8.6,7.1,8.1,161,355,1.0,2.8,1.07,3.85,2,33,110,350
2131.0,"YASHWANT SAGAR AT 
INDORE",LAKE,"MADHYA 
PRADESH",20,22,6.6,7.7,7.4,8.3,307,686,1.0,1.6,1.07,1.62,2,2,48,63
3850.0,"BAGDOON TALAB 
PITHAMPUR SANJAY 
JALASHAY PITHAMPUR",POND,"MADHYA 
PRADESH",20,22,5.0,8.1,7.8,8.5,309,493,1.0,1.2,0.70,1.04,2,2,39,49
3831.0,"DAL SAGAR TALAB, DIST 
SEONI",POND,"MADHYA 
PRADESH",18,27,5.0,7.8,7.3,8.3,239,608,1.8,4.8,0.02,2.60,2,79,17,1600
3830.0,"GOKALPUR TALAB, DIST 
JABALPUR",POND,"MADHYA 
PRADESH",18,26,5.4,7.9,7.0,8.2,250,619,1.9,8.0,0.23,2.60,2,63,17,1600
3299.0,HANUMANTAL JABALPUR,POND,"MADHYA 
PRADESH",18,26,5.0,7.9,7.0,8.1,290,935,2.4,4.4,0.15,2.70,2,120,17,1600
3297.0,"MITHA TALAB, DEWAS",POND,"MADHYA 
PRADESH",22,31,6.9,7.8,7.2,8.4,310,520,1.8,2.2,0.77,1.14,2,6,48,49
3301.0,"MOTI TALAB AT 
BALAGHAT",POND,"MADHYA 
PRADESH",17,27,6.0,7.9,7.2,8.6,226,469,1.9,6.0,0.28,2.30,2,39,17,540
3302.0,"PIPLIYA PALA TALAB, 
INDORE",POND,"MADHYA 
PRADESH",19,22,5.8,8.5,7.5,8.4,316,669,1.1,2.2,0.88,2.03,2,2,63,140
3298.0,POND WATER AT LAKODA,POND,"MADHYA 
PRADESH",25,29,7.1,7.7,7.6,8.5,267,368,1.8,2.0,0.77,0.93,2,2,47,49
3303.0,"RANI TALAB, REWA",POND,"MADHYA 
PRADESH",20,32,6.7,7.2,7.4,8.2,335,408,1.0,2.2,0.55,0.82,2,4,39,58
3300.0,"RANITAL TALAB, 
JABALPUR",POND,"MADHYA 
PRADESH",19,26,5.6,7.6,7.3,8.6,250,582,2.1,4.0,0.27,2.40,2,110,17,1600
3849.0,SITAPAT TALAB DHAR,POND,"MADHYA 
PRADESH",20,22,6.4,7.6,8.0,8.5,346,481,1.0,1.3,0.70,1.10,2,2,38,48
2129.0,"PARIYAT TANK NEAR WSS 
INTAKE POINT JABALPUR",TANK,"MADHYA 
PRADESH",18,24,6.8,7.9,7.1,8.0,240,376,1.2,2.6,0.30,2.10,2,4,31,49
1426.0,"LOKTAK LAKE AT 
BISHNUPUR",LAKE,MANIPUR,15,28,6.8,7.5,7.1,7.5,140,200,3.0,3.4,-,-,20,75,70,120
1630.0,"LOKTAK LAKE AT KARANG 
ISLAND",LAKE,MANIPUR,15,29,6.8,7.3,7.0,7.6,140,220,3.1,3.5,-,-,5,25,20,75
1629.0,LOKTAK LAKE AT SENDRA,LAKE,MANIPUR,15,29,6.7,7.5,6.9,7.5,130,220,3.0,3.4,-,-,30,125,65,140
1425.0,LOKTAK LAKE AT THANA,LAKE,MANIPUR,15,28,6.7,7.5,7.0,7.6,130,210,3.0,3.5,-,-,10,70,40,95
2837.0,"PUMLEN LAKE AT 
TOKPACHING",LAKE,MANIPUR,15,28,7.0,7.7,7.1,7.4,130,200,3.1,3.5,-,-,5,35,15,75
2849.0,CHANAM PUKHURI,POND,MANIPUR,16,28,6.1,7.0,7.0,7.6,176,398,3.4,3.9,-,-,25,75,75,155
2841.0,"HIRANMEI PUKHURI AT 
HIYANGLAM",POND,MANIPUR,15,28,6.6,7.4,7.0,7.3,150,350,3.0,3.6,-,-,15,65,55,120
2861.0,"KANGLA POND NEAR 
WESTERN KANGLA GATE",POND,MANIPUR,16,28,6.2,7.2,6.9,7.6,154,312,3.3,3.9,-,-,45,85,120,185
2840.0,"LAMJAO PUKHURI AT 
ACHOUBA",POND,MANIPUR,15,27,7.0,7.3,7.2,7.5,108,310,3.1,3.5,-,-,5,20,20,65
2842.0,"LANGMEIDONG PUKHURI 
AT THOUBAL",POND,MANIPUR,16,28,6.7,7.5,7.2,7.3,130,310,3.2,3.6,-,-,5,25,30,60
2844.0,"LILONG CHAJING 
PUKHURI ACHOUBA",POND,MANIPUR,16,27,6.6,7.5,7.2,7.5,112,314,3.0,3.6,-,-,5,40,40,70
2850.0,NINGTHEM PUKHURI,POND,MANIPUR,16,28,5.8,7.1,7.0,7.6,170,357,3.3,4.3,-,-,25,85,100,175
2848.0,POND AT KAKWA BAZAR,POND,MANIPUR,16,28,5.6,7.2,7.0,7.6,210,600,3.4,4.0,-,-,40,90,90,165
2851.0,POND AT KONGBA BAZAR,POND,MANIPUR,17,27,5.8,7.0,7.0,7.6,330,560,3.4,4.3,-,-,50,135,220,395
2843.0,POND AT LALAMBUNG,POND,MANIPUR,16,27,6.7,7.2,7.0,7.4,150,300,3.2,3.6,-,-,15,45,45,90
2846.0,POND AT MOIDANGPOK,POND,MANIPUR,15,28,6.7,7.8,7.0,7.4,100,196,2.9,3.6,-,-,5,30,25,60
2845.0,POND AT NGAIRANGBAM,POND,MANIPUR,15,28,6.8,7.7,7.3,7.5,100,210,2.8,3.7,-,-,5,45,35,80
2839.0,"PUKHRI AT 
LANGMEIDONG",POND,MANIPUR,16,28,6.9,7.7,7.1,7.4,140,330,3.1,3.5,-,-,10,40,35,85
2847.0,"PUKHURI NEAR MAIBAM 
LOKPACHING",POND,MANIPUR,16,28,6.7,7.7,7.0,7.4,110,589,3.1,3.8,-,-,15,70,55,130
3349.0,"TASEK LAKE AT SONGSAK 
(NAPHAK),",LAKE,MEGHALAYA,19,22,6.7,7.3,6.7,7.1,59,73,1.2,2.0,0.42,0.51,33,210,460,630
1459.0,"THADLASKEIN LAKE, 
JOWAI",LAKE,MEGHALAYA,11,22,6.7,7.9,6.8,7.2,38,48,1.0,1.8,0.38,0.52,4,23,120,240
1347.0,"UMIAM LAKE AT 
BARAPANI",LAKE,MEGHALAYA,14,19,5.2,6.9,6.7,8.1,77,125,4.1,5.5,0.50,1.22,410,580,1700,2400
3347.0,"UMIAM LAKE AT MIDDLE 
POINT",LAKE,MEGHALAYA,14,19,6.3,6.9,6.7,8.2,78,120,4.0,5.2,0.42,1.17,380,480,1300,2100
3346.0,"UMIAM LAKE AT OUTFALL 
OF UMIAM INTO LAKE",LAKE,MEGHALAYA,14,20,4.9,6.0,6.7,8.1,89,155,5.8,6.9,0.32,1.72,460,840,2100,2700
3348.0,"UMIAM LAKE NEAR 
UNION CHRISTIAN 
COLLEGE",LAKE,MEGHALAYA,15,20,6.0,6.8,6.8,8.0,71,135,4.1,5.5,0.50,1.35,310,490,1100,2100
1348.0,"WARD'S LAKE AT 
SHILLONG",LAKE,MEGHALAYA,14,23,6.7,8.8,7.0,8.2,128,163,1.2,2.2,0.32,0.62,120,340,490,840
3723.0,"TAMDIL LAKE, SAITUAL",LAKE,MIZORAM,12,25,5.7,10.0,6.8,7.8,56,303,1.0,2.3,0.02,0.02,-,-,-,-
3755.0,"FISHPOND, RAIL 
CROSSING, NEAR 
THERMAL POWER PLANT, 
BAIRABI,KOLASIB DIST.",POND,MIZORAM,15,30,5.0,10.0,7.3,8.1,93,320,1.1,2.4,0.02,0.32,-,-,-,-
3722.0,"LAWIBUAL FISHPOND, 
I.T.I VENG, AIZAWL",POND,MIZORAM,15,26,2.7,10.4,6.8,7.7,249,599,1.0,3.2,0.02,0.42,-,-,-,-
2886.0,"PADUM PUKHURI LAKE 
AT 2 I/2 MILE, NEAR NH 
29",LAKE,NAGALAND,21,34,2.0,8.6,7.2,8.4,119,231,1.0,2.8,0.40,2.40,-,-,-,-
2887.0,"RAJ PUKHURI NEAR 
GOVT.HR.SECONDARY 
SCHOOL PURANA 
BAZAAR",LAKE,NAGALAND,21,32,3.3,8.4,6.9,8.3,195,297,1.0,2.4,0.40,0.90,-,-,-,-
3956.0,"ANSHUPA LAKE AT 
BISHNUPUR",LAKE,ODISHA,16,33,4.0,8.0,6.9,7.8,109,191,1.1,2.0,0.32,1.42,78,4900,490,7900
2438.0,"ANSHUPA LAKE AT 
KADALIBARI",LAKE,ODISHA,20,33,4.6,8.3,6.8,8.0,119,234,1.1,2.8,0.32,0.72,45,7900,460,22000
3957.0,"ANSHUPA LAKE AT 
SARANDAGARH",LAKE,ODISHA,20,34,5.2,8.4,6.9,8.4,115,180,1.1,2.2,0.32,3.33,45,11000,230,35000
3955.0,"ANSHUPA LAKE AT 
SUBARANAPUR",LAKE,ODISHA,20,34,5.6,8.2,6.9,7.9,103,193,1.1,2.4,0.32,1.46,78,2200,330,4900
3953.0,"CHILKA LAKE AT RAMBHA 
(RAMSAR SITE)",LAKE,ODISHA,16,32,6.1,9.0,7.4,8.5,328,30340,1.1,2.4,0.32,1.42,2,490,2,3500
2437.0,"CHILKA LAKE AT 
SATAPADA (RAMSAR 
SITE)",LAKE,ODISHA,21,33,5.3,9.0,6.9,8.5,1435,41560,1.1,2.9,0.32,1.13,20,1300,49,2800
3954.0,"TAMPADA LAKE AT 
CHHATRAPUR",LAKE,ODISHA,17,32,3.8,7.4,7.6,8.5,306,699,1.8,11.0,0.32,2.36,20,2200,130,4900
2431.0,"BINDUSAGAR ( RELIGIOUS 
POND OF BHUBANESWAR 
CITY) (NORTH) (LINGRAJ 
TEMPLE)",POND,ODISHA,20,30,2.6,8.6,6.9,7.6,302,445,1.1,2.0,0.32,1.72,45,22000,330,54000
2434.0,"INDRADYUMNA TANK ( 
RELIGIOUS POND OF PURI 
CITY)",POND,ODISHA,17,34,4.4,10.5,7.9,9.2,494,1221,3.7,6.7,0.51,1.62,20,17000,130,54000
3962.0,"JAGANNATH SAGAR 
POND OF JEYPORE",POND,ODISHA,24,29,6.1,6.5,6.8,8.2,237,453,2.0,4.5,0.42,2.52,45,3300,230,24000
2433.0,"MARKANDA POKHARI ( 
RELIGIOUS POND OF PURI 
CITY)",POND,ODISHA,21,35,2.4,12.6,7.6,9.4,514,970,4.4,9.5,0.63,9.45,20,2300,45,7900
2432.0,"NARENDRA POKHARI ( 
RELIGIOUS POND OF PURI 
CITY)",POND,ODISHA,17,34,3.1,12.0,8.1,9.4,618,1231,4.7,8.0,0.67,1.96,78,13000,220,35000
2436.0,"PARVATI SAGAR ( 
RELIGIOUS POND OF PURI 
CITY)",POND,ODISHA,23,34,1.9,10.9,7.0,9.1,310,854,5.6,12.5,0.32,2.38,110,4900,490,17000
3963.0,RANIGUDA POND,POND,ODISHA,17,27,2.4,11.4,6.9,8.3,482,923,4.0,9.5,0.62,5.82,20,24000,170,35000
2435.0,"SWETAGANGA ( 
RELIGIOUS POND OF PURI 
CITY)",POND,ODISHA,18,34,2.8,11.1,7.1,9.0,418,1387,4.3,9.0,0.32,2.52,45,35000,130,54000
1686.0,"BAHOUR LAKE, LAKE 
ROAD, BAHOUR, 
PUDUCHERRY.",LAKE,"PUDUCHERR
Y",29,29,7.0,7.0,7.7,7.7,1219,1219,2.5,2.5,0.32,0.32,2,2,540,540
4634.0,"KANAGAN LAKE, LAKE 
ROAD, KADHIRGAMAM, 
PUDUCHERRY.",LAKE,"PUDUCHERR
Y",28,32,6.3,11.2,7.8,9.2,961,1642,2.5,6.5,0.32,0.32,2,94,110,350
1396.0,"OUSTERI LAKE, 
PATHUKANNU ROAD, 
OUSTERI, PUDUCHERRY.",LAKE,"PUDUCHERR
Y",28,32,6.0,8.8,8.5,8.9,310,451,1.0,2.8,0.32,0.32,2,70,84,350
1297.0,"HARIKE LAKE AT HARIKE 
VILLAGE, PUNJAB",LAKE,PUNJAB,15,32,7.2,9.0,7.7,8.2,180,423,1.0,2.7,0.90,1.80,260,2000,700,3900
1382.0,"HARIKE LAKE D/S FROM 
CANAL, PUNJAB",LAKE,PUNJAB,15,31,6.9,9.1,7.6,8.3,190,379,1.0,3.1,1.10,2.20,210,2100,630,4600
2912.0,"RANJIT SAGAR 
RESERVOIR, PUNJAB",LAKE,PUNJAB,12,38,7.7,9.2,7.5,8.2,142,217,1.0,1.1,0.30,1.00,18,40,70,140
1481.0,"FATEH SAGAR LAKE AT 
UDAIPUR INTAKE POINT 
OF PHED, RAJASTHAN",LAKE,RAJASTHAN,24,29,5.2,6.9,7.6,8.6,536,700,1.3,2.5,3.13,5.23,67,140,140,220
2940.0,"GAPE- SAGAR LAKE, 
DUNGARPUR, 
RAJASTHAN",LAKE,RAJASTHAN,3,30,4.1,5.2,7.2,8.6,596,1210,2.9,3.8,1.62,7.18,220,280,350,500
4178.0,"GOVERDHAN SAGAR, 
UDAIPUR",LAKE,RAJASTHAN,18,28,4.0,5.1,7.1,8.0,866,1159,2.3,4.6,2.00,3.48,150,240,300,530
2936.0,"JAISAMAND LAKE, 
ALWAR, RAJASTHAN",LAKE,RAJASTHAN,24,26,4.9,6.7,7.3,7.5,144,312,1.7,4.4,1.12,1.71,40,110,90,220
2941.0,"JAISAMAND LAKE, 
SALUMBER, UDAIPUR, 
POINT NO. 1, RAJASTHAN",LAKE,RAJASTHAN,23,27,5.9,7.9,7.4,8.5,586,652,1.3,2.8,1.42,3.12,60,115,140,190
2942.0,"JAISAMAND LAKE, 
SALUMBER, UDAIPUR, 
POINT NO. 2, RAJASTHAN",LAKE,RAJASTHAN,24,28,5.8,7.3,7.3,8.5,588,668,1.7,2.8,2.02,3.42,60,90,130,180
2944.0,"JALMAHAL, JAIPUR, 
RAJASTHAN",LAKE,RAJASTHAN,20,29,2.6,4.1,2.0,9.2,2430,3260,3.3,4.7,2.49,5.39,150,350,210,1600
2935.0,"JET SAGAR LAKE, BUNDI, 
RAJASTHAN",LAKE,RAJASTHAN,19,33,3.7,4.6,7.8,8.5,312,508,1.2,2.6,0.88,3.09,110,280,210,1100
1714.0,"KAYALANA JHEEL 
JODHPUR, RAJASTHAN",LAKE,RAJASTHAN,17,28,5.4,8.1,7.5,8.6,268,392,1.0,4.0,1.54,2.62,2,84,11,152
2943.0,"LODHA TALAB, 
BANSWARA- 
DUNGARPUR ROAD, 
BANSWARA, RAJASTHAN",LAKE,RAJASTHAN,19,32,4.6,5.8,6.5,7.9,576,1143,1.7,3.1,2.12,4.92,60,150,130,460
1716.0,"NAKKI LAKE, MT. ABU, 
RAJASTHAN",LAKE,RAJASTHAN,10,22,4.5,6.8,6.6,8.4,164,403,1.2,4.0,1.66,2.04,2,94,13,175
4795.0,"NELA TALAB, SECTOR-14 
HIRAN MARG, UDAIPUR",LAKE,RAJASTHAN,18,29,3.5,4.2,7.3,7.9,820,1198,2.8,5.9,2.65,4.92,93,220,210,300
1285.0,"PICHOLA LAKE AT 
UDAIPUR (WATER INTAKE 
POINT), RAJASTHAN",LAKE,RAJASTHAN,23,28,5.1,5.9,7.4,8.5,230,602,1.6,3.3,2.22,3.15,64,130,120,220
1414.0,"PUSHKAR LAKE, 
RAJASTHAN",LAKE,RAJASTHAN,17,29,2.9,4.7,7.4,8.0,344,528,2.1,2.6,1.24,2.46,64,150,150,280
2938.0,"RAJSAMAND LAKE , 
RAJSAMAND- POINT NO.",LAKE,RAJASTHAN,19,36,5.8,7.6,7.3,8.5,519,883,2.1,3.3,1.37,3.13,75,140,170,240
,"1, RAJSAMAND, 
RAJASTHAN",,,,,,,,,,,,,,,,,,
2939.0,"RAJSAMAND LAKE , 
RAJSAMAND- POINT NO. 
2, RAJSAMAND, 
RAJASTHAN",LAKE,RAJASTHAN,20,36,5.4,7.1,7.7,8.6,515,787,2.5,3.3,1.43,6.92,93,140,170,280
2937.0,"SILISERH LAKE, ALWAR, 
RAJASTHAN",LAKE,RAJASTHAN,17,31,5.2,7.2,7.3,7.6,194,2359,1.0,2.6,0.93,1.84,14,80,26,140
4177.0,SWAROOP SAGAR LAKE,LAKE,RAJASTHAN,18,28,3.9,5.2,6.9,8.4,478,719,1.7,3.2,1.42,3.46,39,130,120,220
1286.0,"UDAISAGAR LAKE AT 
UDAIPUR (INTAKE PT.) 
RAJASTHAN",LAKE,RAJASTHAN,17,28,4.2,5.5,6.8,8.4,1130,2000,1.6,3.1,2.12,4.79,78,170,210,280
4179.0,"BADI KA TALAB, UDAIPUR",POND,RAJASTHAN,23,28,6.1,7.8,7.1,8.1,379,882,1.3,2.9,1.22,4.94,50,140,120,240
5291.0,CHANGU LAKE,LAKE,SIKKIM,2,9,8.4,10.0,7.0,7.3,88,130,1.8,2.5,1.80,4.70,21,58,59,113
5290.0,MENMOITSO LAKE,LAKE,SIKKIM,1,8,7.7,9.6,6.6,7.5,93,132,1.9,2.4,1.80,4.90,30,77,53,170
1420.0,"KODAI KANAL LAKE, 
TAMILNADU",LAKE,TAMIL NADU,18,29,5.2,6.8,6.4,7.6,87,311,1.0,2.0,0.32,2.58,17,33,38,70
3008.0,"POONDI LAKE AT 
THIRUVALLUR, 
TAMILNADU",LAKE,TAMIL NADU,27,30,6.1,7.6,7.1,8.1,508,819,1.0,3.0,0.32,0.32,2,2,2,93
3010.0,"PORUR LAKE AT 
THIRUVALLUR, 
TAMILNADU",LAKE,TAMIL NADU,26,30,6.1,7.3,7.1,8.5,882,1288,1.0,3.0,0.32,1.27,2,45,18,170
3011.0,"PULICATE LAKE AT 
THIRUVALLUR, 
TAMILNADU",LAKE,TAMIL NADU,26,29,5.6,7.4,6.8,7.9,9470,53000,2.0,3.0,0.32,3.23,2,2,2,68
3009.0,"REDD HILLS AT 
THIRUVALLUR, 
TAMILNADU",LAKE,TAMIL NADU,26,28,6.2,7.4,7.0,7.9,389,607,2.0,3.0,0.32,0.32,2,40,20,170
1421.0,"UDHAGAMADALEM LAKE 
(OOTY), TAMILNADU",LAKE,TAMIL NADU,14,19,2.1,7.3,5.4,8.5,248,480,1.0,6.3,0.32,0.73,170,310,320,630
3007.0,"VEERANAM LAKE AT 
CUDDALORE, 
TAMILNADU",LAKE,TAMIL NADU,21,34,6.0,6.8,6.1,8.6,351,809,1.0,2.6,0.32,0.60,9,26,24,49
1452.0,"YERCAUD LAKE, SALEM, 
TAMILNADU",LAKE,TAMIL NADU,19,27,3.5,6.9,6.1,8.4,205,372,1.0,5.4,0.32,0.65,17,310,26,630
4823.0,"OVER HEAD TANK AT 
TIRUR VILLAGE, 
TIRUVALLUR TALUK, 
TIRUVALLUR PANCHAYAT 
UN",TANK,TAMIL NADU,25,30,5.3,7.3,6.5,7.7,1040,1518,1.0,2.0,0.32,2.21,2,2,36,78
4670.0,"BAIRAMALGUDA 
CHERUVU, 
SAROORNAGAR, 
RANGAREDDY DISTRICT",LAKE,TELANGANA,25,35,0.3,4.7,6.3,8.2,864,1535,2.0,16.0,2.80,6.60,6,34,280,540
5052.0,"BAKSHI KUNTA, 
CHANDANAGAR(V), 
SHERILINGAMPALLY(M), 
RANGA REDDY(D)",LAKE,TELANGANA,20,28,0.3,5.2,6.9,8.1,596,1047,1.2,16.0,3.40,4.10,9,48,350,430
4676.0,"BANDA CHERUVU, 
MALKAJIGIRI 
(V),MALKAJIGIRI (M), 
MEDCHAL- MALKAJGIRI 
(D)",LAKE,TELANGANA,25,29,0.3,3.7,7.0,8.1,792,1603,1.8,15.0,2.04,10.12,14,27,430,540
4682.0,"BANDAM CHERUVU, 
NEAR NIT WARANGAL, 
HANAMKONDA",LAKE,TELANGANA,24,28,0.3,4.7,7.1,8.3,513,1602,1.8,12.0,0.62,8.02,2,33,110,540
5048.0,"BANDAM KUNTA, 
GAJULARAMARAM (V), 
QUTHBULLAPUR (M), 
MEDCHAL MALKAJGIRI 
(D)",LAKE,TELANGANA,28,28,2.6,2.6,7.4,7.4,631,631,3.6,3.6,,,17,17,150,150
5040.0,"BANDLAGUDA CHERUVU, 
NAGOLE (V), UPPAL (M), 
MEDCHAL (D)",LAKE,TELANGANA,25,32,0.3,1.2,6.9,7.9,895,1489,4.0,22.0,3.00,8.93,6,46,350,540
4690.0,"BANJARA KUNTA 
(SINGADI KUNTA),",LAKE,TELANGANA,22,27,0.3,4.2,6.7,8.0,438,1117,2.2,42.0,0.98,17.02,6,34,350,540
,"SHAIKPET (V&M), 
HYDERABAD (D)",,,,,,,,,,,,,,,,,,
3074.0,"BANJARA LAKE 
(ANANTAGANI KUNTA), 
BANJARA HILLS, 
HYDERABAD",LAKE,TELANGANA,25,32,0.3,3.8,7.2,7.7,768,1260,6.0,18.0,2.80,13.95,11,41,350,540
5126.0,"BATHULA KUNTA, 
ANMAGAL (V), 
HAYATHNAGAR (M), 
RANGAREDDY (D)",LAKE,TELANGANA,25,32,0.3,3.9,5.8,8.2,1199,1930,2.0,24.0,2.62,8.60,11,47,350,540
5035.0,"BATHUR KUNTA, 
SHAIKPET(V&M), 
HYDERABAD (D)",LAKE,TELANGANA,22,28,0.3,3.9,7.4,8.3,932,1124,1.1,10.0,0.82,2.20,8,27,350,480
4679.0,"BOMRUKUD-DOWLA 
LAKE(HUDA PARK LAKE ), 
BUMRUKNUDOWLA (V), 
RAJENDRANAGAR (M), 
RANGAREDDY (D)",LAKE,TELANGANA,25,33,0.3,3.5,6.8,8.4,1862,2347,4.0,17.0,3.80,10.02,14,47,350,920
4684.0,"CAMPUS LAKE, ICRISAT, 
KACHIREDDI PALLY (V), 
RAMACHANDRAPURAM 
(M),SANGAREDDY 
DISTRICT",LAKE,TELANGANA,21,26,5.4,7.2,7.1,8.2,414,767,1.8,4.0,3.14,10.13,6,15,76,170
5060.0,"CHAKALAVANI CHERUVU 
, LINGAMPALLY(V), 
SHERILINGAMPALLY(M), 
RANGA REDDY(D)",LAKE,TELANGANA,20,30,0.3,4.2,7.0,7.7,979,1524,2.0,21.0,3.20,22.90,9,27,430,540
5133.0,"CHANDANA CHERUVU, 
JILLELAGUDA (V), 
RANGAREDDY (D)",LAKE,TELANGANA,25,32,0.3,2.9,7.0,8.0,1164,1622,3.2,19.0,3.62,8.22,11,47,430,540
5051.0,"CHINNA BANDHAM, 
SURARAM(V), 
QUTHBULLAPUR(M), 
MEDCHAL MALKAJGIRI(D)",LAKE,TELANGANA,25,28,0.3,3.4,7.3,7.5,915,1109,1.2,6.0,3.30,4.80,17,33,430,430
5113.0,"CHINNA CHERUVU, 
RAMANTHAPUR (V),",LAKE,TELANGANA,25,32,0.3,3.2,7.0,8.0,771,1331,2.0,14.0,2.20,6.40,11,43,250,540
,"UPPAL (M),MEDCHAL- 
MALKAJGIRI (D)",,,,,,,,,,,,,,,,,,
5055.0,"CHINNA PEDDA 
CHERUVU, 
GOPANPALLY(V), 
SHERILINGAMPALLY(M), 
RANGA REDDY(D)",LAKE,TELANGANA,20,30,1.0,5.8,6.9,8.4,488,1038,1.2,10.0,2.80,11.12,12,33,280,540
4668.0,"CHINNARAYANA 
CHERUVU, ALWAL (V&M), 
MEDCHAL- MALKAJGIRI 
(D)",LAKE,TELANGANA,25,28,0.3,3.0,7.0,7.8,883,1746,2.2,22.0,3.70,12.02,4,43,14,540
5046.0,"CHINTAL CHERUVU, 
GAJULARAMARAM(V), 
QUTHBULLAPUR(M), 
MEDCHAL MALKAJGIRI(D)",LAKE,TELANGANA,24,30,0.3,4.2,7.4,8.3,488,705,1.0,5.0,1.89,10.02,4,38,170,430
5039.0,"DMRL LAKE, 
KANCHANBAGH, 
CHANDRAYANGUDA (M), 
HYDERABAD (D)",LAKE,TELANGANA,22,28,0.3,3.0,7.2,8.0,1192,1720,2.2,10.0,2.80,9.80,11,41,350,540
3070.0,"FOX SAGAR, JEEDIMETLA 
(V), QUTUBULLAPUR (M), 
MEDCHAL MALKAJGIRI 
(D)",LAKE,TELANGANA,24,29,0.3,3.8,7.3,8.3,870,1793,2.2,15.0,3.01,12.22,8,47,350,540
4669.0,"GANGARAM PEDDA 
CHERUVU, 
GANGARAM(V), 
SERLINGAMPALLY (M), 
RANGAREDDY DISTRICT",LAKE,TELANGANA,26,30,1.0,2.6,7.0,7.4,754,902,2.0,4.0,3.20,3.20,7,33,430,540
5059.0,"GOPI CHERUVU, 
LINGAMPALLY(V), 
SHERILINGAMPALLY(M), 
RANGA REDDY(D)",LAKE,TELANGANA,20,30,0.3,4.6,7.1,8.3,933,1580,2.4,17.0,2.80,22.50,9,25,350,540
5062.0,"GURUNATH CHERUVU, 
MIYAPUR (V), 
SHERILINGAMPALLY(M), 
RANGA REDDY (D)",LAKE,TELANGANA,20,29,0.3,3.9,6.9,8.4,727,1336,2.0,29.0,2.80,6.82,6,34,350,540
3073.0,"HASMATHPET LAKE, 
HASMATHPET",LAKE,TELANGANA,25,31,0.3,3.9,7.2,7.9,721,1242,2.2,16.0,2.62,7.12,8,140,240,540
1789.0,"HIMAYATHSAGAR LAKE, 
SHAMSHABAD (M), 
RANGA REDDY DIST.",LAKE,TELANGANA,24,30,5.1,6.4,7.5,8.5,441,568,1.0,6.0,0.30,8.02,2,2,12,70
1391.0,"HUSSAIN SAGAR LAKE, 
DOMALGUDA (V), 
HYDERABAD",LAKE,TELANGANA,25,30,0.3,4.7,7.3,8.0,994,1566,3.0,20.0,3.80,20.80,32,430,350,1600
4686.0,"ICRISAT LAKE,ICRISAT, 
MANMOLE (V), 
RAMACHANDRAPURAM 
(M), SANGAREDDY 
DISTRICT",LAKE,TELANGANA,22,26,5.7,6.9,6.9,8.2,692,1040,2.2,4.9,3.15,19.16,7,24,92,220
4666.0,"ISMAILKHANPET TANK, 
ISMAILKHANPET (V), 
SANGAREDDY (M & 
DISTRICT)",LAKE,TELANGANA,23,25,6.0,6.9,7.2,7.9,553,1665,2.0,4.2,5.06,30.15,2,8,10,27
5112.0,"KAMUNI CHERUVU, 
MOOSAPET (V), 
KUKATPALLY 
(M),MEDCHAL- 
MALKAJGIRI (D)",LAKE,TELANGANA,26,28,0.3,0.3,6.9,7.5,1389,1471,6.0,10.0,4.24,5.80,14,39,430,540
4235.0,"KAMUNI CHERUVU, 
SHAMSHABAD (V&M), 
RANGAREDDY DISTRICT",LAKE,TELANGANA,25,30,0.9,4.6,7.2,8.4,869,1384,2.6,23.0,2.46,7.42,11,46,430,540
4699.0,"KAPRAI CHERUVU, 
SAHEBNAGAR, 
HAYATHNAGAR,RANGAR
EDDY DISTRICT",LAKE,TELANGANA,25,35,2.5,5.6,7.1,8.4,480,681,1.0,8.0,1.22,5.60,2,58,220,430
4232.0,"KOMATI CHERUVU, 
SIDDIPET TOWN, 
SIDDIPET DISTRICT.",LAKE,TELANGANA,18,36,5.3,6.6,7.3,8.1,575,894,2.5,4.0,4.08,11.12,2,9,42,79
5054.0,"KOMATI KUNTA, 
GOPANPALLY (V), 
SHERILINGAMPALLY (M), 
RANGA REDDY (D)",LAKE,TELANGANA,20,30,0.3,5.5,6.9,8.3,400,1108,1.6,22.0,1.92,9.22,8,34,280,540
5116.0,"KOTHA CHERUVU 
(NOVATEL LAKE), 
KHANAMET (V), 
SERILINGAMPALLY (M), 
RANGAREDDY(D)",LAKE,TELANGANA,24,30,0.3,2.8,7.0,7.9,723,1411,3.0,12.0,1.62,8.12,4,38,350,540
5032.0,"KOTHA CHERUVU, 
SHAIKPET(V&M), 
HYDERABAD (D)",LAKE,TELANGANA,22,27,0.3,4.1,7.4,8.1,789,2075,1.5,14.0,1.20,7.44,11,33,430,920
4248.0,"KOTI CHERUVU, MULUGU 
ROAD, WARANGAL, 
WARANGAL DISTRICT",LAKE,TELANGANA,25,28,0.3,3.8,7.2,8.5,874,1394,2.0,10.0,1.00,4.20,4,39,63,540
4705.0,"KOTTA CHERUVU, ALWAL 
(V & M),MEDCHAL-
MALKAJGIRI (D)",LAKE,TELANGANA,25,28,0.3,3.2,7.2,7.9,998,1975,1.0,12.0,2.80,9.78,11,39,350,540
5057.0,"KUDI KUNTA (GAUTHAMI 
LAKE), KONDAPUR(V), 
SHERILINGAMPALLY(M), 
RANGA REDDY(D)",LAKE,TELANGANA,20,30,0.3,3.1,7.1,7.9,714,1708,4.0,46.0,2.80,22.50,11,33,350,920
4680.0,"LAKNAVARAM CHERUVU, 
LAKNAVARAM, (V), 
GOVINDARAO PETA (M), 
MULUGU DISTRICT.",LAKE,TELANGANA,23,29,5.3,6.5,7.7,8.5,117,1382,1.0,1.5,0.30,1.92,2,2,12,70
2340.0,"LAKSHMINARAYANA 
CHERUVU AT EDULABAD, 
GHATKESAR, MEDCHAL 
DISTRICT",LAKE,TELANGANA,23,30,2.2,5.0,7.4,8.5,1173,1848,1.2,10.0,1.00,3.90,10,34,280,430
4677.0,"LINGAM CHERUVU, 
SURARAM (V), 
QUTHUBULLAPUR(M), 
MEDCHAL-MALKAJGIRI 
DISTRICT",LAKE,TELANGANA,25,29,0.3,3.6,6.9,8.2,967,1953,1.0,52.0,3.86,16.02,11,34,430,540
4701.0,"LINGAM KUNTA, 
CHANDANAGAR (V), 
SERLINGAMPALLY(M), 
RANGA REDDY (D).",LAKE,TELANGANA,20,30,0.3,3.9,7.2,8.1,920,1378,1.2,54.0,3.20,20.15,11,79,350,540
5047.0,"MAHABOOB KUNTA , 
SURARAM(V), 
QUTHBULLAPUR(M), 
MEDCHAL MALKAJGIRI(D)",LAKE,TELANGANA,28,28,1.0,1.0,7.5,7.5,655,655,4.0,4.0,2.32,2.32,11,11,350,350
5132.0,"MALKA CHERUVU, 
RAIDURG (V), 
SERLINGAMPALLY (M), 
RANGAREDDY (D)",LAKE,TELANGANA,28,32,4.0,7.2,7.2,8.4,1119,1758,10.0,42.0,0.02,19.02,2,350,23,1600
4698.0,"MANNEVARI KUNTA, 
MACHABOLLARAM (V), 
ALWAL (M), MEDCHAL-
MALKAJGIRI (D)",LAKE,TELANGANA,25,28,0.3,0.3,7.3,7.6,1305,2185,12.0,16.0,3.20,3.20,11,39,430,540
5134.0,"MANTHRALA CHERUVU, 
MEERPET (V), 
RANGAREDDY (D)",LAKE,TELANGANA,25,32,0.3,3.8,7.1,8.0,1023,1930,2.0,28.0,3.90,9.32,15,46,350,540
5049.0,"MEDDELA KUNTA, 
GAJULARAMARAM(V), 
QUTHBULLAPUR(M), 
MEDCHAL MALKAJGIRI(D)",LAKE,TELANGANA,24,29,0.3,5.0,7.5,8.2,848,1552,2.3,11.0,3.56,11.02,9,26,210,540
4671.0,"MEEDI KUNTA, GUTTALA 
BEGUMPET (V), 
SERLINGAMPALLY (M), 
RANGAREDDY DISTRICT",LAKE,TELANGANA,25,28,0.3,3.2,7.0,7.3,575,1202,2.0,10.0,3.20,5.40,10,33,350,430
4672.0,"MEEDI KUNTA , 
NANAKRAMGUDA (V), 
SERILINGAMPALLY (M), 
RANGAREDDY DISTRICT",LAKE,TELANGANA,24,29,0.3,3.8,7.1,7.9,721,1067,2.2,29.0,3.20,8.12,9,70,430,540
4673.0,"MEEDI KUNTA (BK 
ENCLAVE LAKE), 
MADEENAGUDA (V), 
SERLINGAMPALLY (M), 
RANGAREDDY DISTRICT",LAKE,TELANGANA,18,29,0.3,4.0,6.8,8.4,497,1376,1.0,16.0,2.60,6.32,4,34,26,540
4674.0,"MEEDI KUNTA, 
HAFEEZPET (V), 
SERLINGAMPALLY (M), 
RANGAREDDY DISTRICT",LAKE,TELANGANA,24,29,0.3,5.4,7.1,8.2,501,1138,1.2,15.0,2.08,7.22,2,60,94,540
2341.0,"MIRALAM TANK, 
BAHADURPURA (M), 
HYDERABAD",LAKE,TELANGANA,24,31,0.3,3.8,7.2,7.9,1142,1460,2.0,15.0,2.20,9.32,8,94,280,430
5029.0,"MOHINI CHERUVU, 
RAMANTHAPUR (V), 
UPPAL(M), MEDCHAL-
MALKAJGIRI (D)",LAKE,TELANGANA,22,28,0.3,4.1,7.1,8.4,1124,2128,3.2,8.0,2.20,6.22,11,39,350,430
5045.0,"MOTHKULA KUNTA, 
MACHABOLLARAM(V),AL
WAL (M), MEDCHAL 
MALKAJGIRI(D)",LAKE,TELANGANA,25,30,0.3,3.6,7.2,7.6,1037,1735,3.0,27.0,3.80,8.75,12,48,430,540
5043.0,"MYSAMMA CHERUVU, 
KUKATPALLY(V&M), 
MEDCHAL MALKAJGIRI(D)",LAKE,TELANGANA,24,28,0.3,1.2,7.1,7.8,946,1496,3.0,17.0,2.60,12.02,12,40,430,540
4691.0,"NAGOLE CHERUVU, 
UPPAL, MEDCHAL - 
MALKAJGIRI DISTRICT",LAKE,TELANGANA,25,32,0.3,3.3,6.9,7.7,808,1367,2.0,25.0,2.70,5.80,17,63,430,540
5063.0,"NANAKRAM KUNTA, 
NANAKRAMGUDA(V), 
SHERILINGAMPALLY(M), 
RANGA REDDY (D)",LAKE,TELANGANA,25,28,2.2,4.4,6.8,7.7,456,967,2.0,4.0,2.60,4.30,2,31,350,430
4688.0,"NARINJA LAKE, KOTHUR-
B (V), ZAHEERABAD (M), 
SANGAREDDY",LAKE,TELANGANA,25,26,5.6,6.8,7.1,7.9,450,919,2.0,3.6,4.09,18.10,2,10,20,48
5030.0,"NAYA QILLA TALAB, 
GOLKONDA (V&M), 
HYDERABAD (D)",LAKE,TELANGANA,22,27,0.3,4.1,7.7,8.4,935,1347,1.2,20.0,1.10,7.04,8,38,350,540
5056.0,"NAYANAMMA KUNTA 
(BASPALLI CHERUVU), 
HAFEEZPET (V), 
SHERILINGAMPALLY (M), 
RANGA REDDY (D)",LAKE,TELANGANA,20,28,0.6,4.8,7.2,8.5,544,1121,1.0,5.2,2.90,4.20,2,33,350,540
4229.0,"NEKNAMPUR LAKE, 
NEKNAMPUR, 
IBRAHIMBAGH, 
RAJENDRANAGAR",LAKE,TELANGANA,25,32,0.3,4.1,6.9,7.8,1167,2144,3.0,18.0,2.60,13.40,10,39,350,540
,"(M),RANGAREDDY 
DISTRICT",,,,,,,,,,,,,,,,,,
2342.0,"NOOR MD. KUNTA, 
SHAMSHABAD",LAKE,TELANGANA,25,30,0.3,0.3,6.8,8.2,805,1556,6.0,16.0,4.40,11.64,10,58,350,1600
5121.0,"PALLE CHERUVU, 
KATEDHAN (V), 
RAJENDRANAGAR (M), 
RANGAREDDY (D)",LAKE,TELANGANA,25,30,0.3,0.3,7.1,7.9,925,1804,6.0,20.0,3.20,7.80,21,41,430,540
5128.0,"PALLE CHERUVU, 
MAILARDEV PALLY (V), 
RAJENDRANAGAR (M), 
RANGAREDDY (D)",LAKE,TELANGANA,25,32,0.3,3.4,6.9,7.6,1140,1956,1.0,20.0,3.62,21.02,12,70,350,920
4696.0,"PARKI CHERUVU, 
KUKATPALLY (V&M), 
MEDCHAL-MALKAJGIRI 
(D)",LAKE,TELANGANA,25,29,0.3,2.6,7.1,7.7,919,1763,2.4,17.0,2.00,14.02,12,48,350,540
4693.0,"PATEL CHERUVU, 
MADINAGUDA(V), 
SERLINGAMPALLY (M), 
RANGAREDDY (D)",LAKE,TELANGANA,25,29,0.3,3.4,7.1,7.7,762,1350,2.0,22.0,3.20,6.20,7,31,430,1600
4678.0,"PATEL CHERUVU, 
NACHARAM (V), UPPAL 
(NEW MANDAL), 
MEDCHAL- MALKAJIGIRI",LAKE,TELANGANA,25,30,0.3,1.2,6.8,7.9,980,2233,3.0,28.0,2.86,11.16,6,41,430,540
5041.0,"PATHULGUDA CHERUVU, 
PATHULGUDA (V), 
SAROORNAGAR (M), 
RANGAREDDY (D)",LAKE,TELANGANA,25,32,0.3,4.1,7.7,8.4,826,1447,2.0,18.0,2.90,6.90,17,46,430,540
4702.0,"PEDDA CHERUVU, 
KHAJAGUDA (V), 
SERLINGAMPALLY(M), 
RANGA REDDY DISTRICT",LAKE,TELANGANA,27,30,2.5,5.7,7.0,8.9,868,1662,7.0,30.0,10.02,30.00,4,350,21,1600
4683.0,"PEDDA CHERUVU, 
MADIKONDA (V), 
KHAZIPET (M),",LAKE,TELANGANA,24,28,0.3,5.8,7.6,8.4,348,951,1.0,6.1,1.10,12.22,2,21,47,430
,"HANUMAKONDA, 
WARANGAL",,,,,,,,,,,,,,,,,,
4661.0,"PEDDAKANJARLA TANK, 
PEDDAKANJARLA (V), 
PATANCHERU (M), 
SANGAREDDY DISTRICT.",LAKE,TELANGANA,24,26,6.0,6.9,6.6,8.5,275,528,1.3,3.0,2.13,8.12,2,5,12,22
5061.0,"PEDDAKUDI CHERUVU, 
MAQTA 
MAHBOOBPET(V), 
SHERILINGAMPALLY(M), 
RANGA REDDY(D)",LAKE,TELANGANA,20,29,0.3,3.8,7.0,7.7,596,1606,1.2,19.0,2.60,8.62,7,39,350,540
4681.0,"PHAKAL CHERUVU, 
NARSAMPET, WARANGAL 
DISTRICT",LAKE,TELANGANA,23,28,4.9,6.4,7.2,8.7,131,643,1.0,1.9,0.30,3.92,2,6,17,120
5053.0,"RAMAMMA KUNTA , 
GACHIBOWLI (V), 
SHERILINGAMPALLY(M), 
RANGA REDDY (D)",LAKE,TELANGANA,25,34,0.3,5.2,7.1,8.3,495,1189,1.0,8.0,2.99,7.22,11,41,350,540
5036.0,"RAMANNA CHERUVU, 
BOINPALLY(V), 
TIRUMALAGIRI(M), 
HYDERABAD (D)",LAKE,TELANGANA,25,27,0.3,5.3,7.2,8.3,537,1084,1.5,18.0,2.40,9.10,11,43,350,430
4692.0,"RAMANTHAPUR PEDDA 
CHERUVU, 
RAMANTHAPUR, 
MEDCHAL - MALKAJGIRI 
DISTRICT",LAKE,TELANGANA,24,32,0.3,3.6,6.8,7.6,823,1729,1.0,19.0,2.62,5.80,7,39,350,540
3068.0,"RAMAPPA LAKE, 
PALAMPET (V), 
VENKATAPURAM (M), 
MULUGU DISTRICT.",LAKE,TELANGANA,22,28,5.4,6.7,7.3,8.5,136,330,1.0,5.0,0.30,2.82,2,4,26,150
4249.0,"RANGASAMUDRAM, 
URSU (V), KHILA 
WARANGAL (M), 
WARANGAL DISTRICT",LAKE,TELANGANA,24,29,0.3,6.0,7.3,8.6,105,1350,1.0,14.0,1.00,11.22,4,31,58,430
4687.0,"RED LAKE, ICRISAT, 
RAMACHANDRAPURAM 
(M), SANGAREDDY 
DISTRICT",LAKE,TELANGANA,22,26,5.6,6.6,7.0,8.1,732,1085,2.5,5.6,3.16,31.12,8,31,126,350
5058.0,"REGULA KUNTA, 
MIYAPUR (V), 
SHERILINGAMPALLY (M), 
RANGA REDDY (D)",LAKE,TELANGANA,20,30,0.3,4.8,6.9,8.3,671,964,2.0,14.0,2.30,8.02,9,34,350,540
3072.0,"SAFILGUDA LAKE, 
MEDCHAL",LAKE,TELANGANA,24,29,0.3,1.2,6.9,7.9,782,1836,2.0,16.0,2.30,7.44,6,120,430,540
5038.0,"SALKAM CHERUVU , 
BANDLAGUDA(KALSA) 
(V), BANDLAGUDA (M), 
HYDERABAD (D)",LAKE,TELANGANA,22,30,0.3,2.6,7.0,8.0,1343,2026,4.0,10.0,2.60,11.72,3,43,350,540
5033.0,"SHAHATAM CHERUVU, 
SHAIKPET(V&M), 
HYDERABAD (D)",LAKE,TELANGANA,22,27,0.3,2.3,7.2,8.4,731,1514,1.8,20.0,0.98,12.20,10,34,350,430
5034.0,"SHIKARI KUNTA, 
HAKEEMPET(V), 
SHAIKPET(M), 
HYDERABAD (D)",LAKE,TELANGANA,22,27,0.3,5.9,7.5,8.3,830,1068,1.8,12.0,0.68,9.02,12,79,350,480
5044.0,"SUDALAVANI KUNTA 
(SUNNAM CHERUVU), 
ALLAHPUR(V), 
BORABANDA(M),MEDCH
AL MALKAJGIRI(D)",LAKE,TELANGANA,24,28,0.3,2.2,7.2,8.2,873,1873,2.0,39.0,3.60,21.19,5,94,350,540
4685.0,"SURISIGAL LAKE, ICRISAT, 
RAMACHANDRAPURAM 
(V&M), SANGAREDDY 
DISTRICT",LAKE,TELANGANA,21,26,5.5,6.6,7.2,8.1,832,1138,2.2,3.2,3.12,15.14,6,15,100,210
4667.0,"SURRAM CHERUVU 
(PALLE CHERUVU), 
BANDLAGUDA (V), 
BANDLAGUDA (NEW 
MANDAL)",LAKE,TELANGANA,22,30,0.3,1.2,7.1,8.2,1178,2330,1.8,12.0,3.20,17.22,13,49,430,540
5124.0,"TCS ENERGY PARK 
LAKE,GACHIBOWLI(V), 
SERILINGAMPALLY (M), 
RANGAREDDY (D)",LAKE,TELANGANA,24,28,3.6,5.4,7.5,8.4,505,686,1.2,2.2,2.60,4.62,8,33,280,540
1215.0,"THUMMALA CHERUVU, 
NASAMPET (V&M), 
WARANGAL",LAKE,TELANGANA,23,28,4.8,6.3,7.1,8.5,130,506,1.0,2.1,0.32,4.02,2,8,21,170
5037.0,"TIRUMALAGIRI TANK, 
TIRUMALAGIRI(V & M), 
HYDERABAD (D)",LAKE,TELANGANA,26,26,0.3,0.3,7.4,7.4,1357,1357,12.0,12.0,3.87,3.87,13,13,430,430
4234.0,"UMDA SAGAR 
LAKE,JALPALLY(V), 
SAROORNAGAR(M), 
SHAMSHABAD?",LAKE,TELANGANA,25,35,0.3,4.8,7.0,7.9,884,1218,1.6,8.0,3.08,8.22,11,43,350,540
5050.0,"VENNA CHERUVU, 
JEEDIMETLA(V), 
QUTHBULLAPUR(M), 
MEDCHAL MALKAJGIRI(D)",LAKE,TELANGANA,25,30,0.3,3.7,7.0,7.7,977,1738,3.2,22.0,3.00,12.02,14,41,350,540
5131.0,"YELLAMMA CHERUVU, 
MANIKONDA (V), 
RAJENDRA NAGAR (M), 
RANGAREDDY (D)",LAKE,TELANGANA,25,34,0.3,2.3,7.1,7.9,932,1622,1.0,10.0,2.80,10.15,12,41,430,540
5042.0,"YELLAMMA 
CHERUVU,KUKATPALLY(V
&M), MEDCHAL 
MALKAJGIRI(D)",LAKE,TELANGANA,25,28,0.3,2.0,7.0,7.6,988,1609,4.0,18.0,3.20,15.07,17,43,350,540
5031.0,"YERRA KUNTA, 
SHAIKPET(V&M), 
HYDERABAD (D)",LAKE,TELANGANA,22,24,0.3,2.1,7.6,8.0,550,625,3.0,18.0,0.86,2.02,12,14,280,350
3076.0,"AMBER CHERUVU, 
KUKATPALLY (V & M), 
MEDCHAL- MALKAJIGIRI",POND,TELANGANA,25,30,0.3,3.2,7.0,7.9,708,1700,2.6,20.0,2.56,5.20,5,46,430,540
2347.0,"ASANI 
KUNTA,BOLLARAM(V),JIN
NARAM(M), 
SANGAREDDY(D)",POND,TELANGANA,18,26,0.3,0.3,5.4,7.6,2406,8680,36.0,240.0,12.24,71.26,9,17,142,540
4700.0,"BATHUKAMMA KUNTA, 
B.N. REDDY 
NAGAR,HAYATHNAGAR(
M), RANGAREDDY(D)",POND,TELANGANA,26,26,0.3,0.3,7.2,7.2,1396,1396,18.0,18.0,7.80,7.80,38,38,540,540
2346.0,"BHADRAKALI CHERUVU, 
NEAR BHADRAKALI 
TEMPLE, 
HANUMAKONDA",POND,TELANGANA,25,28,4.0,6.0,7.7,8.7,478,1133,1.2,4.2,0.32,2.80,2,25,43,220
4694.0,"CHILUKALA KUNTA, 
HCU,GACHIBOWLI(V), 
SERILINGAMPALLY(M), 
RANGAREDDY(D)",POND,TELANGANA,28,28,0.3,0.3,7.6,7.6,1024,1024,,,7.20,7.20,33,33,-,-
2357.0,"DURGAM CHERUVU , 
RAIDURG (V), 
SERILINGAMPALLY (M), 
RANGAREDDY (D)",POND,TELANGANA,24,31,1.2,4.8,6.8,8.1,684,955,2.0,12.0,2.00,6.82,4,39,350,430
5129.0,"ERRA KUNTA, 
LAXMIGUDA (V), 
RAJENDRANAGAR (M), 
RANGAREDDY (D)",POND,TELANGANA,24,35,0.3,3.2,7.2,8.2,1444,2169,8.0,21.0,4.08,14.15,15,49,430,920
5119.0,"KAIDAMMA KUNTA, 
HAFEEZPET (V), 
SERILINGAMPALLY (M), 
RANGAREDDY (D)",POND,TELANGANA,20,30,0.3,1.5,6.7,8.1,982,1742,6.0,34.0,3.90,9.93,11,38,430,540
3077.0,"KAPRA CHERUVU, KAPRA 
(V), KEESARA (M)",POND,TELANGANA,24,30,0.3,4.3,7.2,8.0,797,1484,1.6,20.0,1.82,4.00,6,40,350,540
4222.0,"KONDAGATTU TEMPLE- 
KONERU, JAGITIYAL",POND,TELANGANA,25,25,2.6,2.6,8.3,8.3,460,460,2.3,2.3,1.06,1.06,2,2,39,39
5118.0,"KOTHA KUNTA, 
HAFEEZPET (V), SHAIKPET 
(M), RANGAREDDY (D)",POND,TELANGANA,24,28,0.3,4.5,6.9,8.3,693,1875,1.0,12.0,3.20,23.04,11,33,430,540
5127.0,"KUMMARI KUNTA, 
ANMAGAL (V), 
HAYATHNAGAR (M), 
RANGAREDDY (D)",POND,TELANGANA,25,32,0.3,3.5,6.8,8.1,437,2312,3.0,22.0,3.20,5.80,4,43,280,540
4675.0,"LOTUS POND, HAKIMPET 
(V), SHAIK PET (M), 
HYDERABAD (D)",POND,TELANGANA,22,28,2.2,5.2,7.3,8.4,653,758,1.1,9.0,1.20,7.60,8,34,280,540
5122.0,"MALLAI KUNTA , 
CHANDANAGAR , 
SERILINGAMPALLY , RR",POND,TELANGANA,24,35,0.3,0.3,7.0,7.4,2582,2803,8.0,10.0,8.90,10.40,21,33,540,540
5125.0,"MONDIKUNTA, 
KHANAMET (V), 
SERILINGAMPALLY (M), 
RANGAREDDY (D)",POND,TELANGANA,24,32,0.3,3.2,6.7,7.9,1200,1501,2.8,24.0,2.60,6.80,14,40,430,540
5111.0,"NAGIRADDY 
KUNTA(YAPRAL 
CHERUVU), ALWAL 
(V&M), MEDCHAL- 
MALKAJGIRI(D)",POND,TELANGANA,25,28,0.3,3.8,7.2,8.6,1277,2192,2.8,32.0,4.36,14.60,14,47,430,920
2344.0,"NALLA CHERUVU, UPPAL 
(V & M), MEDCHAL 
DISTRICT",POND,TELANGANA,24,31,0.3,1.2,7.1,8.0,988,2252,4.0,28.0,3.20,8.80,10,70,350,540
5130.0,"PATHI KUNTA, BUDVEL 
(V), RAJENDRANAGAR 
(M), RANGAREDDY (D)",POND,TELANGANA,24,35,0.3,4.2,6.5,8.3,419,3330,1.2,11.0,2.20,18.02,12,47,280,920
2359.0,"PEDDA CHERUVU, 
NACHARAM (V), UPPAL 
(M), MEDCHAL DISTRICT",POND,TELANGANA,26,32,0.3,3.4,7.3,8.1,1063,1618,3.0,28.0,3.24,10.20,8,46,350,540
3078.0,"PRAGATHINAGAR 
CHERUVU,PRAGATHINAG
AR(V), KUKATPALLY, 
MEDCHAL-
MALKAJIGIRI(D)",POND,TELANGANA,25,30,0.3,4.8,7.1,7.7,707,1784,3.0,37.0,1.20,4.80,12,48,350,540
5115.0,"RAJMAHAMAD KUNTA-
MASKA KUNTA, 
IZZATHNAGAR (V), 
SERILINGAMPALLY (M), 
RANGAREDDY (D).",POND,TELANGANA,24,29,0.3,2.2,7.0,7.8,888,1731,4.0,24.0,3.20,8.98,14,47,430,540
3075.0,"RANGADHAMINI KUNTA, 
KUKATPALLY(V&M),",POND,TELANGANA,25,29,0.3,2.6,7.0,8.3,591,1438,2.0,14.0,1.10,4.92,6,120,350,540
,"MEDCHAL - MALKAJGIRI 
(D)",,,,,,,,,,,,,,,,,,
4231.0,"RAYAM CHERUVU, 
BONTHAPALLY (V), 
GUMMADIDALA (M), 
SANGAREDDY DISTRICT",POND,TELANGANA,20,32,5.0,5.9,7.0,8.3,1175,1708,3.2,6.0,6.17,15.25,4,11,31,70
2345.0,"SAI CHERUVU, 
DESHAIPET(V), 
WARANGAL (M&D)",POND,TELANGANA,25,29,0.3,4.2,7.5,8.3,1724,9780,2.2,45.0,2.80,8.60,2,14,94,430
5114.0,"SHANTHISARAVOR POND, 
GACHIBOWLI (V), 
SERLINGAMPALLY (M), 
RANGAREDDY (D)",POND,TELANGANA,25,29,3.2,5.8,7.3,8.1,281,710,1.0,2.0,0.92,2.92,2,33,350,430
4689.0,"SUNNAM KUNTA, JUBILLE 
HILLS, HYDERABAD",POND,TELANGANA,22,27,2.0,5.4,6.9,8.3,316,985,1.2,14.0,0.66,13.22,8,41,220,540
5120.0,"THAMMIDI KUNTA, 
KHANAPET (V), 
SERLINGAMPALLY (M), 
RANGAREDDY (D)",POND,TELANGANA,24,30,0.3,2.2,6.7,8.1,928,1393,4.0,12.0,2.70,9.13,4,48,350,540
4223.0,"VEMULAWADA TEMPLE - 
KONERU, VEMULAWADA 
(V & M) KARIMNAGAR",POND,TELANGANA,26,26,3.5,3.5,7.9,7.9,605,605,3.0,3.0,2.20,2.20,48,48,108,108
4238.0,"AMEENPUR CHERUVU, 
AMEENPUR (V & M), 
SANGAREDDY DISTRICT",TANK,TELANGANA,23,25,5.0,5.8,7.0,8.5,1080,1634,3.5,7.6,8.16,30.20,5,15,56,84
4703.0,"BULBUL KUNTA, 
LAXMIGUDA, 
RAJENDRANAGAR (M), 
RANGAREDDY DISTRICT",TANK,TELANGANA,25,33,0.3,1.1,7.1,8.3,1191,2164,5.6,16.0,3.10,8.60,17,48,350,920
3085.0,"CHINNA WADEPALLI 
CHERUVU, 
ENUMAMULA(V), 
WARANGAL(M&D)",TANK,TELANGANA,25,29,0.3,3.6,7.1,8.3,867,1440,1.8,28.0,1.20,4.20,11,47,210,540
4241.0,"CHITKUL TANK,CHITKUL 
(V), PATANCHERU (M), 
SANGAREDDY DISTRICT",TANK,TELANGANA,24,26,5.5,6.5,6.9,8.4,1395,2177,2.8,5.0,8.18,23.20,6,9,58,110
1447.0,"DHARMASAGAR TANK, 
DHARMASAGAR(V&M), 
HANUMAKONDA 
DISTRICT",TANK,TELANGANA,24,29,5.4,6.5,7.6,8.6,294,528,1.0,1.8,0.46,2.20,2,6,31,120
4244.0,"ERDHANOOR TANK, 
ERDHANOOR (V), 
PATANCHERU (M), 
SANGAREDDY DISTRICT",TANK,TELANGANA,24,25,5.3,6.5,6.9,8.5,587,2263,2.4,3.5,6.08,13.14,4,14,40,79
4233.0,"GADDAPOTHARAM 
CHERUVU, 
GADDAPOTHARAM (V), 
JINNARAM (M), 
SANGAREDDY DISTRICT",TANK,TELANGANA,22,33,4.2,5.9,6.9,7.6,2396,5204,7.6,19.0,12.25,54.25,5,14,62,150
1780.0,"GANDIGUDEM TANK, 
GANDIGUDEM(V),AMEEN
PUR(M), SANGAREDDY(D)",TANK,TELANGANA,18,26,5.2,6.3,6.7,7.6,1405,2280,3.4,9.5,8.20,28.21,5,8,80,130
4243.0,"ISNAPUR 
TANK,PASHAMYLARAM(V
), PATANCHERU (M), 
SANGAREDDY DISTRICT",TANK,TELANGANA,23,25,4.2,6.1,6.4,7.9,1965,6260,6.6,12.0,10.21,62.22,8,17,79,150
2348.0,"KHAZIPALLY 
TANK,KHAZIPALLY(V), 
JINNARAM(M), 
SANGAREDDY(D) 
SANGAREDDY",TANK,TELANGANA,19,25,5.2,5.6,7.0,7.5,1040,4960,2.0,10.0,0.50,46.10,2,7,10,84
4230.0,"KISTAIPALLY CHERUVU, 
KISTAIPALLY (V), 
JINNARAM(M), 
SANGAREDDY DISTRICT",TANK,TELANGANA,20,33,4.2,6.3,7.1,7.8,2453,5700,4.0,11.0,7.20,32.24,5,8,70,120
1783.0,"KISTAREDDYPET TANK, 
KISTAREDDYPET(V),AMEE
NPUR(M),SANGAREDDY(
D)",TANK,TELANGANA,18,26,4.8,6.3,6.7,7.5,1388,3230,3.0,7.0,8.14,32.18,6,12,30,58
4242.0,"LAKADARAM CHERUVU, 
LAKDARAM (V), 
PATANCHERU",TANK,TELANGANA,24,26,5.0,6.9,7.3,8.4,1114,2199,3.0,6.0,6.27,20.24,8,12,32,94
,"(M),SANGAREDDY 
DISTRICT.",,,,,,,,,,,,,,,,,,
3071.0,"LANGARHOUSE TANK, 
GOLCONDA (V&M) 
,HYDERABAD (D)",TANK,TELANGANA,25,30,0.3,1.0,7.2,8.0,827,1526,5.0,15.0,2.40,13.90,11,120,350,540
1788.0,"LARGE TANK, 
SAROORNAGAR (V & M), 
RANGAREDDY DISTRICT",TANK,TELANGANA,25,35,0.3,3.1,7.0,7.9,1089,1596,2.6,19.0,2.86,9.27,7,41,350,540
4239.0,"MAHABOOBSAGAR TANK, 
SANGAREDDY(V&M), 
SANGAREDDY DISTRICT",TANK,TELANGANA,23,24,5.1,6.5,7.2,7.9,697,1391,2.4,4.5,5.14,29.16,4,10,70,140
2358.0,"MALLAPUR TANK , 
MEDCHAL MALKAJGIRI",TANK,TELANGANA,25,28,0.3,0.3,7.1,8.0,2266,4500,6.0,14.0,5.20,16.60,14,110,540,920
4245.0,"MALLEPALLY TANK, 
MALLEPALLY (V), 
KONDAPUR (M), 
SANGAREDDY DISTRICT",TANK,TELANGANA,24,24,5.6,6.8,7.3,8.5,1102,1555,2.1,5.0,4.03,12.20,2,13,20,58
4247.0,"MUCHARLA NAGARAM 
CHERUVU, NAGARAM (V), 
HASANPARTHY (M), 
HANUMAKONDA , 
WARANGAL",TANK,TELANGANA,24,28,3.2,5.8,7.6,8.6,503,1651,1.2,5.0,1.20,9.72,4,39,63,540
4237.0,"MUNDLA 
KATWA,MOOSAPET(V), 
KUKATPALLY 
(M),MEDCHAL - 
MALKAJGIRI (D)",TANK,TELANGANA,25,30,0.3,1.8,7.1,8.2,971,1618,2.0,12.0,1.80,8.47,14,58,350,540
4240.0,"MUTHANGI TANK (V), 
PATANCHERU 
(M),SANGAREDDY 
DISTRICT",TANK,TELANGANA,24,26,5.5,6.3,7.1,8.4,823,2296,2.2,5.0,7.09,22.12,5,8,35,63
1464.0,"PEDDA CHERUVU, 
BIBINAGAR 
(V&M),YADADRI 
BHUVANAGIRI (D)",TANK,TELANGANA,17,20,5.0,6.8,7.3,8.3,1016,1280,2.7,4.8,7.12,22.16,4,10,38,70
4228.0,"PEDDA 
CHERUVU/IBRAHIM 
CHERUVU, 
IBRAHIMBAGH, 
RAJENDRANAGAR(M), 
RANGAREDDY DISTRICT",TANK,TELANGANA,25,34,0.3,5.2,7.1,8.5,899,2746,2.8,93.0,3.28,8.60,8,46,350,540
4704.0,"PEDDACHERUVU, 
MANSOORABAD (V), 
SAROORNAGAR(M), 
RANGAREDDY (D)",TANK,TELANGANA,24,35,0.3,3.8,7.0,7.5,506,1110,1.6,24.0,1.80,6.59,11,43,220,540
2343.0,"PREMAJIPET TANK , 
SHAMSHABAD",TANK,TELANGANA,25,30,0.3,3.8,7.2,8.5,378,2960,2.6,18.0,2.80,11.12,2,33,350,1600
4302.0,"RUDRARAM TANK, 
RUDRARAM (V), 
PATANCHERU (M), 
SANGAREDDY DISTRICT",TANK,TELANGANA,23,26,4.9,6.0,7.0,8.4,1699,3460,5.0,8.0,10.17,20.15,7,9,42,70
3086.0,"SAKI TANK, PATANCHERU 
(V & M), SANGAREDDY 
DISTRICT",TANK,TELANGANA,17,23,5.7,6.9,7.2,7.9,723,1256,2.7,4.4,4.08,11.10,6,17,38,58
3069.0,"SHAMEERPET TANK, 
SHAMEERPET(V&M), 
MEDCHAL- 
MALKAJIGIRI(D)",TANK,TELANGANA,24,29,4.9,6.1,7.5,8.3,583,844,1.1,11.0,0.32,6.02,2,2,22,280
3084.0,"WADEPALLI CHERUVU, 
WADEPALLY (V), 
HANAMKONDA (M&D)",TANK,TELANGANA,24,29,4.0,6.2,7.7,8.4,478,566,1.0,3.0,0.36,3.82,2,17,39,220
3391.0,"DHAMBUR LAKE, DHALAI",LAKE,TRIPURA,19,31,5.5,6.8,7.2,7.9,131,184,1.1,1.8,0.70,1.60,27,58,110,210
4193.0,"DIMASAGAR LAKE, 
NORTH GATE",LAKE,TRIPURA,19,31,5.2,6.2,6.9,7.3,139,190,1.2,1.8,0.90,12.70,38,63,130,240
4192.0,MBB COLLEGE LAKE,LAKE,TRIPURA,19,32,5.3,6.4,7.0,7.6,133,188,1.1,1.8,0.70,1.90,27,58,120,240
1727.0,"POND AT LAXMI 
NARAYAN BARI PALACE 
COMPOUND, TRIPURA",LAKE,TRIPURA,19,31,5.5,6.8,7.1,7.6,134,199,1.1,1.7,0.90,1.90,26,63,120,240
4643.0,"RUDRASAGAR EAST LAKE 
TRIPURA",LAKE,TRIPURA,19,31,5.2,6.2,7.0,7.9,140,199,1.2,1.9,0.80,1.70,32,63,120,280
1728.0,"RUDRASAGAR LAKE, 
SONUMURA, TRIPURA",LAKE,TRIPURA,19,31,5.4,6.4,7.0,7.4,147,192,1.1,1.9,1.10,1.70,31,63,130,240
4642.0,"RUDRASAGAR NORTH 
LAKE,TRIPURA",LAKE,TRIPURA,19,31,5.3,6.6,7.0,7.8,141,191,1.2,2.2,1.20,2.40,41,84,150,350
4644.0,"RUDRASAGAR WEST LAKE 
TRIPURA",LAKE,TRIPURA,19,31,5.6,6.4,7.2,7.9,128,189,1.2,2.1,1.10,2.30,41,70,130,280
3393.0,"BRAMAKUNDA POND, 
WEST TRIPURA",POND,TRIPURA,19,32,5.1,6.5,7.2,7.9,140,184,1.2,2.1,0.80,2.00,26,47,110,210
4197.0,"CHATURDASH DEBATA 
BARI POND",POND,TRIPURA,19,31,5.3,6.9,7.2,7.8,140,189,1.1,1.9,0.70,1.80,17,63,110,280
4195.0,DURGABARI POND,POND,TRIPURA,19,31,5.5,6.7,7.1,7.8,138,189,1.2,1.9,0.90,2.00,26,63,120,240
3396.0,"JAGANNATH DIGHI, 
GOMATI TRIPURA",POND,TRIPURA,19,30,5.3,6.4,7.1,7.7,141,223,1.2,2.1,0.90,2.30,26,48,110,220
3394.0,"KALYANSAGAR AT 
MATARBARI, GOMATI 
TRIPURA",POND,TRIPURA,19,32,5.5,6.5,7.2,7.8,139,193,1.3,2.3,1.00,2.50,33,63,150,280
4221.0,KATAL DIGHI POND,POND,TRIPURA,19,32,5.4,6.7,7.1,7.8,139,191,1.1,2.2,0.70,2.40,25,58,110,240
4194.0,"LALBAHADUR DIGHI 
POND",POND,TRIPURA,19,32,5.1,6.2,7.0,7.8,132,189,1.1,1.8,0.80,2.10,26,63,120,240
3395.0,"MAHADEB DIGHI, 
GOMATI TRIPURA",POND,TRIPURA,19,30,5.5,6.6,7.1,7.6,130,179,1.2,1.9,0.90,2.00,31,63,110,240
4196.0,RADHANAGAR POND,POND,TRIPURA,20,32,3.1,5.2,6.5,8.9,158,212,3.1,5.6,1.80,3.50,48,84,220,350
3392.0,"SHIPAHIJALA POND, 
WEST TRIPURA",POND,TRIPURA,19,31,5.2,6.4,7.0,7.6,127,233,1.1,2.2,0.70,2.30,21,58,94,240
1364.0,"RAMGARH LAKE, 
GORAKHPUR U.P.",LAKE,"UTTAR 
PRADESH",16,26,7.6,8.3,7.7,8.3,292,4700,4.5,5.5,,,1800,44000,30000,66000
2499.0,"SAMASPUR JHEEL, 
RAEBARELI",LAKE,"UTTAR 
PRADESH",22,27,5.6,7.5,8.0,8.1,311,511,4.0,5.2,0.84,0.92,3200,4300,5400,7900
2501.0,"LAXMI POND, JHANSI",POND,"UTTAR 
PRADESH",13,32,3.0,5.6,7.4,7.9,620,650,7.0,18.0,-,-,-,-,-,-
2500.0,"MAAHIL POND, URAI 
TEHSIL, JALAUN",POND,"UTTAR 
PRADESH",13,31,0.9,5.1,7.0,7.7,860,1290,4.5,18.0,-,-,-,-,-,-
3437.0,"BHEEMTAL 
LAKE,DISTRICT-NAINITAL",LAKE,"UTTARAKHA
ND",9,20,8.4,9.6,7.3,8.1,170,240,1.2,1.8,0.32,0.40,63,120,110,220
1362.0,"NAINI LAKE AT NAINITAL 
(WATER INTAKE POINT)",LAKE,"UTTARAKHA
ND",7,18,8.8,9.8,7.2,8.2,310,460,1.0,2.2,0.32,0.40,94,130,150,280
2539.0,"BELBONI LAKE NEAR 
BARJORA, BANKURA",LAKE,"WEST 
BENGAL",18,33,7.7,8.6,7.1,7.8,136,185,1.2,1.7,0.30,0.63,1100,2600,1400,3300
2505.0,"HANUMAN GHAT ON 
DUDHPUKUR AT 
TARAKESHWAR, 
HOOGHLY",LAKE,"WEST 
BENGAL",21,34,3.0,14.0,8.0,8.7,499,710,3.0,14.8,0.30,0.93,1300,28000,3300,92000
2503.0,"HATISHALA GHAT ON 
DUDHPUKUR AT 
TARAKESHWAR, 
HOOGHLY",LAKE,"WEST 
BENGAL",21,33,3.3,15.0,7.8,8.9,492,734,2.6,44.0,0.30,1.50,1200,130000,3300,240000
4729.0,"JOREPOKHARI LAKE AT 
SUKHIAPOKHARI",LAKE,"WEST 
BENGAL",4,18,6.6,8.8,6.8,7.9,24,91,1.0,1.8,0.30,0.30,2,1400,2,3300
2519.0,"KOCHBIHAR LAKE (SAGAR 
DIGHI), COOCHBEHAR",LAKE,"WEST 
BENGAL",16,29,6.6,8.9,6.9,8.1,32,61,1.2,2.8,0.30,1.51,1400,13000,5000,30000
4720.0,"LAKE RASIKBHEEL AT 
COOCHBEHAR",LAKE,"WEST 
BENGAL",18,32,5.8,8.2,6.7,7.4,36,140,1.0,2.8,0.30,4.52,800,7000,2600,50000
2504.0,"MAINH GHAT ON 
DUDHPUKUR AT 
TARAKESHWAR, 
HOOGHLY",LAKE,"WEST 
BENGAL",21,33,3.7,14.0,7.4,8.9,503,734,3.4,15.3,0.30,0.60,1300,170000,2100,350000
2520.0,"MIRIKH LAKE, 
DARJEELING",LAKE,"WEST 
BENGAL",7,23,6.0,7.5,6.5,7.9,64,160,1.8,4.7,0.30,5.56,1300,7000,1700,17000
1765.0,"RABINDRASAROVAR 
NATIONAL LAKE, 
CALCUTTA, WEST BENGAL",LAKE,"WEST 
BENGAL",21,33,6.9,9.0,7.2,8.3,281,334,2.7,4.3,0.30,0.98,330,790,1100,2300
2544.0,"SAHEBBANDH AT 
PURULIA",LAKE,"WEST 
BENGAL",20,36,9.0,10.2,7.0,7.8,240,326,2.8,4.3,0.30,1.06,1100,4700,2100,11000
2522.0,"SINCHAL LAKE FOR 
DARJEELING",LAKE,"WEST 
BENGAL",2,18,7.2,8.8,6.9,7.9,13,50,1.0,1.8,0.30,1.13,2,230,40,1600
5163.0,"SUBHAS SAROBAR, 
BELAGHATA, KOLKATA",LAKE,"WEST 
BENGAL",22,32,6.7,8.0,7.2,8.3,349,426,3.0,4.5,0.30,1.36,700,2300,1300,3500
2521.0,"WATER RESERVIOR AT 
DELO LAKE, DARJELLING",LAKE,"WEST 
BENGAL",8,26,7.0,8.5,7.0,7.7,16,38,1.0,1.2,0.30,1.17,70,3300,140,11000
4725.0,"WATER RESERVIOR ST. 
HELENS SCHOOL",LAKE,"WEST 
BENGAL",4,23,6.3,8.2,6.3,8.2,18,95,1.0,2.6,0.30,1.19,60,5000,110,11000
